status,app,visual_pct,pass,gradable,existing_script_fix,existing_note,detail,no_code_fix
OK,calendar-week-view/boot_check/runs/1/app,96.4,7,8,npm run build && npm run start,OK,,
API_JS_COLLISION,calendar-week-view/boot_check/runs/11/app,100.0,8,8,npm run build && npm run start,OK,"client api.js served at /api.js, swallowed by '/api' proxy",npx vite . + open /<root>/
OK,calendar-week-view/boot_check/runs/12/app,100.0,8,8,,backend serves no static dir,,
OK,calendar-week-view/boot_check/runs/13/app,100.0,8,8,,no `build` script,,
OK,calendar-week-view/boot_check/runs/14/app,100.0,8,8,,no `build` script,,
OK,calendar-week-view/boot_check/runs/16/app,96.4,7,8,,no `build` script,,
OK,calendar-week-view/boot_check/runs/17/app,100.0,8,8,,no `build` script,,
OK,calendar-week-view/boot_check/runs/18/app,96.4,7,8,,no `build` script,,
OK,calendar-week-view/boot_check/runs/19/app,96.4,7,8,,no `build` script,,
OK,calendar-week-view/boot_check/runs/2/app,96.4,7,8,,backend serves no static dir,,
PROXY_NOT_LOADED,calendar-week-view/boot_check/runs/21/app,96.4,7,8,,no `build` script,vite root='client' searches 'client/'; proxy config at 'vite.config.js' not loaded,run plain `vite`
PROXY_NOT_LOADED,calendar-week-view/boot_check/runs/22/app,100.0,8,8,,no `build` script,vite root='client' searches 'client/'; proxy config at 'vite.config.js' not loaded,run plain `vite`
OK,calendar-week-view/boot_check/runs/23/app,96.4,7,8,,no `build` script,,
OK,calendar-week-view/boot_check/runs/24/app,100.0,8,8,,no `build` script,,
OK,calendar-week-view/boot_check/runs/26/app,92.9,7,8,,no `build` script,,
OK,calendar-week-view/boot_check/runs/27/app,89.3,6,8,,no `build` script,,
OK,calendar-week-view/boot_check/runs/28/app,96.4,7,8,,no `build` script,,
OK,calendar-week-view/boot_check/runs/29/app,96.4,7,8,,no `build` script,,
OK,calendar-week-view/boot_check/runs/3/app,96.4,7,8,,backend serves no static dir,,
OK,calendar-week-view/boot_check/runs/4/app,96.4,7,8,,backend serves no static dir,,
OK,calendar-week-view/boot_check/runs/6/app,96.4,7,8,,no `build` script,,
OK,calendar-week-view/boot_check/runs/7/app,96.4,7,8,npm run build && npm run start,OK,,
NO_PROXY_CONFIG,calendar-week-view/boot_check/runs/8/app,96.4,7,8,npm run build && npm run start,OK,"relative /api, no proxy config loads; backend:3000",VITE_API_BASE=http://localhost:3000 (needs backend CORS)
OK,calendar-week-view/boot_check/runs/9/app,85.7,7,8,,no `build` script,,
OK,calendar-week-view/execution/runs/1/app,96.4,7,8,,backend serves no static dir,,
API_JS_COLLISION,calendar-week-view/execution/runs/11/app,100.0,8,8,,backend serves no static dir,"client api.js served at /api.js, swallowed by '/api' proxy",npx vite . + open /<root>/
API_JS_COLLISION,calendar-week-view/execution/runs/12/app,100.0,8,8,npm run build && npm run start,OK,"client api.js served at /api.js, swallowed by '/api' proxy",npx vite . + open /<root>/
OK,calendar-week-view/execution/runs/13/app,100.0,8,8,npm run build && npm run start,OK,,
OK,calendar-week-view/execution/runs/14/app,100.0,8,8,,backend serves no static dir,,
OK,calendar-week-view/execution/runs/16/app,100.0,8,8,,no `build` script,,
OK,calendar-week-view/execution/runs/17/app,96.4,7,8,,no `build` script,,
OK,calendar-week-view/execution/runs/18/app,96.4,7,8,,no `build` script,,
OK,calendar-week-view/execution/runs/19/app,96.4,7,8,,no `build` script,,
OK,calendar-week-view/execution/runs/2/app,7.1,1,8,,backend serves no static dir,,
OK,calendar-week-view/execution/runs/21/app,100.0,8,8,,no `build` script,,
API_JS_COLLISION,calendar-week-view/execution/runs/22/app,100.0,8,8,,backend serves no static dir,"client api.js served at /api.js, swallowed by '/api' proxy",npx vite . + open /<root>/
OK,calendar-week-view/execution/runs/23/app,100.0,8,8,,backend serves no static dir,,
OK,calendar-week-view/execution/runs/24/app,100.0,8,8,,no `build` script,,
OK,calendar-week-view/execution/runs/26/app,96.4,7,8,,no `build` script,,
OK,calendar-week-view/execution/runs/27/app,89.3,6,8,,no `build` script,,
OK,calendar-week-view/execution/runs/28/app,7.1,0,8,,no `build` script,,
OK,calendar-week-view/execution/runs/29/app,0.0,0,8,,no `build` script,,
OK,calendar-week-view/execution/runs/3/app,96.4,7,8,,backend serves no static dir,,
OK,calendar-week-view/execution/runs/4/app,96.4,7,8,,backend serves no static dir,,
OK,calendar-week-view/execution/runs/6/app,100.0,8,8,npm run build && npm run start,OK,,
OK,calendar-week-view/execution/runs/7/app,100.0,8,8,npm run build && npm run start,OK,,
OK,calendar-week-view/execution/runs/8/app,96.4,7,8,,backend serves no static dir,,
OK,calendar-week-view/execution/runs/9/app,100.0,8,8,npm run build && npm run start,OK,,
OK,calendar-week-view/no_verification/runs/1/app,100.0,8,8,,backend serves no static dir,,
OK,calendar-week-view/no_verification/runs/11/app,100.0,8,8,,backend serves no static dir,,
OK,calendar-week-view/no_verification/runs/12/app,100.0,8,8,,no `build` script,,
OK,calendar-week-view/no_verification/runs/13/app,100.0,8,8,,no `build` script,,
OK,calendar-week-view/no_verification/runs/14/app,100.0,8,8,,backend serves no static dir,,
OK,calendar-week-view/no_verification/runs/16/app,0.0,0,8,,no `build` script,,
NO_VITE,calendar-week-view/no_verification/runs/17/app,0.0,0,8,,no `build` script,,
OK,calendar-week-view/no_verification/runs/18/app,0.0,0,8,,no `build` script,,
OK,calendar-week-view/no_verification/runs/19/app,100.0,8,8,,no `build` script,,
OK,calendar-week-view/no_verification/runs/2/app,96.4,7,8,,backend serves no static dir,,
OK,calendar-week-view/no_verification/runs/21/app,100.0,8,8,,no `build` script,,
OK,calendar-week-view/no_verification/runs/22/app,96.4,7,8,,no `build` script,,
OK,calendar-week-view/no_verification/runs/23/app,100.0,8,8,,no `build` script,,
OK,calendar-week-view/no_verification/runs/24/app,100.0,8,8,,no `build` script,,
OK,calendar-week-view/no_verification/runs/26/app,100.0,8,8,,no `build` script,,
OK,calendar-week-view/no_verification/runs/27/app,89.3,6,8,,no `build` script,,
OK,calendar-week-view/no_verification/runs/28/app,78.6,5,8,,no `build` script,,
OK,calendar-week-view/no_verification/runs/29/app,7.1,0,8,,no `build` script,,
OK,calendar-week-view/no_verification/runs/3/app,92.9,6,8,,backend serves no static dir,,
OK,calendar-week-view/no_verification/runs/4/app,96.4,7,8,,backend serves no static dir,,
OK,calendar-week-view/no_verification/runs/6/app,100.0,8,8,npm run build && npm run start,OK,,
OK,calendar-week-view/no_verification/runs/7/app,100.0,8,8,,no `build` script,,
OK,calendar-week-view/no_verification/runs/8/app,96.4,7,8,,no `build` script,,
OK,calendar-week-view/no_verification/runs/9/app,100.0,8,8,,no `build` script,,
OK,calendar-week-view/static/runs/1/app,100.0,8,8,,backend serves no static dir,,
OK,calendar-week-view/static/runs/11/app,100.0,8,8,,backend serves no static dir,,
OK,calendar-week-view/static/runs/12/app,100.0,8,8,,backend serves no static dir,,
OK,calendar-week-view/static/runs/13/app,100.0,8,8,,backend serves no static dir,,
OK,calendar-week-view/static/runs/14/app,100.0,8,8,,backend serves no static dir,,
OK,calendar-week-view/static/runs/16/app,96.4,7,8,,no `build` script,,
OK,calendar-week-view/static/runs/17/app,96.4,7,8,,no `build` script,,
OK,calendar-week-view/static/runs/18/app,0.0,0,8,,no `build` script,,
OK,calendar-week-view/static/runs/19/app,0.0,0,8,,no `build` script,,
OK,calendar-week-view/static/runs/2/app,89.3,6,8,,no `build` script,,
OK,calendar-week-view/static/runs/21/app,100.0,8,8,,backend serves no static dir,,
OK,calendar-week-view/static/runs/22/app,96.4,7,8,npm run build && npm run start,OK,,
OK,calendar-week-view/static/runs/23/app,100.0,8,8,,no `build` script,,
OK,calendar-week-view/static/runs/24/app,89.3,6,8,npm run build && npm run start,OK,,
OK,calendar-week-view/static/runs/26/app,0.0,0,8,,no `build` script,,
OK,calendar-week-view/static/runs/27/app,89.3,6,8,,no `build` script,,
OK,calendar-week-view/static/runs/28/app,100.0,8,8,,no `build` script,,
OK,calendar-week-view/static/runs/29/app,96.4,7,8,,no `build` script,,
OK,calendar-week-view/static/runs/3/app,100.0,8,8,,backend serves no static dir,,
OK,calendar-week-view/static/runs/4/app,96.4,7,8,,no `build` script,,
OK,calendar-week-view/static/runs/6/app,96.4,7,8,,no `build` script,,
OK,calendar-week-view/static/runs/7/app,96.4,7,8,npm run build && npm run start,OK,,
OK,calendar-week-view/static/runs/8/app,96.4,7,8,npm run build && npm run start,OK,,
OK,calendar-week-view/static/runs/9/app,96.4,7,8,,no `build` script,,
OK,calendar-week-view/visual/runs/1/app,96.4,7,8,npm run build && npm run start,OK,,
OK,calendar-week-view/visual/runs/11/app,100.0,8,8,,backend serves no static dir,,
OK,calendar-week-view/visual/runs/12/app,100.0,8,8,,`build` is not a vite build,,
OK,calendar-week-view/visual/runs/13/app,100.0,8,8,npm run build && npm run start,OK,,
API_JS_COLLISION,calendar-week-view/visual/runs/14/app,100.0,8,8,npm run build && npm run start,OK,"client api.js served at /api.js, swallowed by '/api' proxy",npx vite . + open /<root>/
OK,calendar-week-view/visual/runs/16/app,96.4,7,8,,no `build` script,,
OK,calendar-week-view/visual/runs/17/app,96.4,7,8,,no `build` script,,
NO_VITE,calendar-week-view/visual/runs/18/app,96.4,7,8,,no `build` script,,
OK,calendar-week-view/visual/runs/19/app,96.4,7,8,,no `build` script,,
OK,calendar-week-view/visual/runs/2/app,96.4,7,8,,backend serves no static dir,,
OK,calendar-week-view/visual/runs/21/app,100.0,8,8,,backend serves no static dir,,
OK,calendar-week-view/visual/runs/22/app,100.0,8,8,,no `build` script,,
OK,calendar-week-view/visual/runs/23/app,96.4,7,8,,backend serves no static dir,,
OK,calendar-week-view/visual/runs/24/app,100.0,8,8,,no `build` script,,
OK,calendar-week-view/visual/runs/26/app,89.3,6,8,,no `build` script,,
OK,calendar-week-view/visual/runs/27/app,89.3,6,8,,no `build` script,,
OK,calendar-week-view/visual/runs/28/app,89.3,6,8,,no `build` script,,
OK,calendar-week-view/visual/runs/29/app,96.4,7,8,,no `build` script,,
OK,calendar-week-view/visual/runs/3/app,96.4,7,8,,backend serves no static dir,,
OK,calendar-week-view/visual/runs/4/app,100.0,8,8,,backend serves no static dir,,
OK,calendar-week-view/visual/runs/6/app,100.0,8,8,npm run build && npm run start,OK,,
OK,calendar-week-view/visual/runs/7/app,100.0,8,8,npm run build && npm run start,OK,,
OK,calendar-week-view/visual/runs/8/app,100.0,8,8,npm run build && npm run start,OK,,
OK,calendar-week-view/visual/runs/9/app,100.0,8,8,,backend serves no static dir,,
OK,calendar-week-view/visual_no_shell/runs/1/app,92.9,7,8,,backend serves no static dir,,
NO_VITE,calendar-week-view/visual_no_shell/runs/10/app,89.3,6,8,,no `build` script,,
OK,calendar-week-view/visual_no_shell/runs/11/app,100.0,8,8,,no `build` script,,
OK,calendar-week-view/visual_no_shell/runs/12/app,100.0,8,8,,no `build` script,,
OK,calendar-week-view/visual_no_shell/runs/13/app,100.0,8,8,,no `build` script,,
OK,calendar-week-view/visual_no_shell/runs/14/app,100.0,8,8,,no `build` script,,
OK,calendar-week-view/visual_no_shell/runs/15/app,100.0,8,8,,backend serves no static dir,,
OK,calendar-week-view/visual_no_shell/runs/16/app,75.0,5,8,,no `build` script,,
OK,calendar-week-view/visual_no_shell/runs/17/app,0.0,0,8,,no `build` script,,
OK,calendar-week-view/visual_no_shell/runs/18/app,96.4,7,8,,no `build` script,,
OK,calendar-week-view/visual_no_shell/runs/19/app,96.4,7,8,,no `build` script,,
API_JS_COLLISION,calendar-week-view/visual_no_shell/runs/2/app,100.0,8,8,,backend serves no static dir,"client api.js served at /api.js, swallowed by '/api' proxy",npx vite . + open /<root>/
PORT_MISMATCH,calendar-week-view/visual_no_shell/runs/20/app,100.0,8,8,,no `build` script,proxy->:3001 but backend->:3000,PORT=3001 npm run dev
NO_VITE,calendar-week-view/visual_no_shell/runs/21/app,100.0,8,8,,no `build` script,,
OK,calendar-week-view/visual_no_shell/runs/22/app,100.0,8,8,,no `build` script,,
OK,calendar-week-view/visual_no_shell/runs/23/app,100.0,8,8,,no `build` script,,
OK,calendar-week-view/visual_no_shell/runs/24/app,89.3,6,8,,no `build` script,,
OK,calendar-week-view/visual_no_shell/runs/25/app,96.4,7,8,,no `build` script,,
OK,calendar-week-view/visual_no_shell/runs/26/app,71.4,5,8,,backend serves no static dir,,
OK,calendar-week-view/visual_no_shell/runs/27/app,89.3,6,8,,no `build` script,,
OK,calendar-week-view/visual_no_shell/runs/28/app,96.4,7,8,,no `build` script,,
OK,calendar-week-view/visual_no_shell/runs/29/app,75.0,5,8,,no `build` script,,
OK,calendar-week-view/visual_no_shell/runs/3/app,96.4,7,8,,no `build` script,,
OK,calendar-week-view/visual_no_shell/runs/30/app,89.3,6,8,,no `build` script,,
OK,calendar-week-view/visual_no_shell/runs/4/app,75.0,5,8,,backend serves no static dir,,
OK,calendar-week-view/visual_no_shell/runs/5/app,100.0,8,8,,backend serves no static dir,,
OK,calendar-week-view/visual_no_shell/runs/6/app,100.0,8,8,npm run build && npm run start,OK,,
OK,calendar-week-view/visual_no_shell/runs/7/app,100.0,8,8,,no `build` script,,
OK,calendar-week-view/visual_no_shell/runs/8/app,100.0,8,8,,no `build` script,,
OK,calendar-week-view/visual_no_shell/runs/9/app,92.9,7,8,,backend serves no static dir,,
OK,kanban-board/boot_check/runs/1/app,100.0,5,5,,backend serves no static dir,,
NO_PROXY_CONFIG,kanban-board/boot_check/runs/10/app,95.0,4,5,npm run build && npm run start,OK,"relative /api, no proxy config loads; backend:3000",VITE_API_BASE=http://localhost:3000 (needs backend CORS)
OK,kanban-board/boot_check/runs/11/app,100.0,5,5,npm run build && npm run start,OK,,
OK,kanban-board/boot_check/runs/12/app,100.0,5,5,npm run build && npm run start,OK,,
OK,kanban-board/boot_check/runs/13/app,100.0,5,5,npm run build && npm run start,OK,,
OK,kanban-board/boot_check/runs/14/app,100.0,5,5,npm run build && npm run start,OK,,
API_JS_COLLISION,kanban-board/boot_check/runs/15/app,100.0,5,5,npm run build && npm run start,OK,"client api.js served at /api.js, swallowed by '/api' proxy",npx vite . + open /<root>/
OK,kanban-board/boot_check/runs/16/app,95.0,4,5,,no `build` script,,
OK,kanban-board/boot_check/runs/17/app,100.0,5,5,,no `build` script,,
OK,kanban-board/boot_check/runs/18/app,95.0,4,5,,no `build` script,,
PROXY_NOT_LOADED,kanban-board/boot_check/runs/19/app,95.0,4,5,npm run build && npm run start,OK,vite root='client' searches 'client/'; proxy config at 'vite.config.js' not loaded,run plain `vite`
OK,kanban-board/boot_check/runs/2/app,100.0,5,5,,backend serves no static dir,,
OK,kanban-board/boot_check/runs/20/app,95.0,4,5,,backend serves no static dir,,
OK,kanban-board/boot_check/runs/21/app,100.0,5,5,,no `build` script,,
OK,kanban-board/boot_check/runs/22/app,100.0,5,5,,backend serves no static dir,,
NO_VITE,kanban-board/boot_check/runs/23/app,100.0,5,5,,no `build` script,,
OK,kanban-board/boot_check/runs/24/app,100.0,5,5,,no `build` script,,
OK,kanban-board/boot_check/runs/25/app,100.0,5,5,,no `build` script,,
OK,kanban-board/boot_check/runs/26/app,90.0,4,5,,backend serves no static dir,,
OK,kanban-board/boot_check/runs/27/app,100.0,5,5,,no `build` script,,
OK,kanban-board/boot_check/runs/28/app,10.0,1,5,,no `build` script,,
OK,kanban-board/boot_check/runs/29/app,90.0,4,5,,no `build` script,,
OK,kanban-board/boot_check/runs/3/app,100.0,5,5,,backend serves no static dir,,
OK,kanban-board/boot_check/runs/30/app,85.0,3,5,,no `build` script,,
OK,kanban-board/boot_check/runs/4/app,95.0,4,5,,backend serves no static dir,,
OK,kanban-board/boot_check/runs/5/app,0.0,0,5,,backend serves no static dir,,
NO_PROXY_CONFIG,kanban-board/boot_check/runs/6/app,95.0,4,5,npm run build && npm run start,OK,"relative /api, no proxy config loads; backend:3000",VITE_API_BASE=http://localhost:3000 (needs backend CORS)
OK,kanban-board/boot_check/runs/7/app,95.0,4,5,npm run build && npm run start,OK,,
OK,kanban-board/boot_check/runs/8/app,100.0,5,5,npm run build && npm run start,OK,,
OK,kanban-board/boot_check/runs/9/app,95.0,4,5,,no `build` script,,
OK,kanban-board/delayed_verification/runs/1/app,100.0,5,5,,backend serves no static dir,,
OK,kanban-board/delayed_verification/runs/10/app,100.0,5,5,,no `build` script,,
OK,kanban-board/delayed_verification/runs/11/app,100.0,5,5,,backend serves no static dir,,
OK,kanban-board/delayed_verification/runs/12/app,100.0,5,5,,backend serves no static dir,,
OK,kanban-board/delayed_verification/runs/13/app,100.0,5,5,npm run build && npm run start,OK,,
OK,kanban-board/delayed_verification/runs/14/app,100.0,5,5,,no backend start script,,
OK,kanban-board/delayed_verification/runs/15/app,100.0,5,5,,backend serves no static dir,,
OK,kanban-board/delayed_verification/runs/16/app,100.0,5,5,,no `build` script,,
OK,kanban-board/delayed_verification/runs/17/app,95.0,4,5,,backend serves no static dir,,
OK,kanban-board/delayed_verification/runs/18/app,95.0,4,5,,no `build` script,,
OK,kanban-board/delayed_verification/runs/19/app,95.0,4,5,,no `build` script,,
OK,kanban-board/delayed_verification/runs/2/app,100.0,5,5,,backend serves no static dir,,
OK,kanban-board/delayed_verification/runs/20/app,95.0,4,5,,no `build` script,,
OK,kanban-board/delayed_verification/runs/21/app,100.0,5,5,,backend serves no static dir,,
OK,kanban-board/delayed_verification/runs/22/app,100.0,5,5,npm run build && npm run start,OK,,
OK,kanban-board/delayed_verification/runs/23/app,100.0,5,5,,no `build` script,,
OK,kanban-board/delayed_verification/runs/24/app,100.0,5,5,npm run build && npm run start,OK,,
OK,kanban-board/delayed_verification/runs/25/app,100.0,5,5,,no `build` script,,
OK,kanban-board/delayed_verification/runs/26/app,100.0,5,5,,no `build` script,,
OK,kanban-board/delayed_verification/runs/27/app,100.0,5,5,,no `build` script,,
OK,kanban-board/delayed_verification/runs/28/app,85.0,4,5,,no `build` script,,
OK,kanban-board/delayed_verification/runs/29/app,100.0,5,5,,no `build` script,,
OK,kanban-board/delayed_verification/runs/3/app,100.0,5,5,,backend serves no static dir,,
OK,kanban-board/delayed_verification/runs/30/app,100.0,5,5,,no `build` script,,
OK,kanban-board/delayed_verification/runs/4/app,85.0,4,5,,backend serves no static dir,,
OK,kanban-board/delayed_verification/runs/5/app,100.0,5,5,,backend serves no static dir,,
OK,kanban-board/delayed_verification/runs/6/app,100.0,5,5,,backend serves no static dir,,
PROXY_NOT_LOADED,kanban-board/delayed_verification/runs/7/app,95.0,4,5,,build->client/dist != served [dist],vite root='client' searches 'client/'; proxy config at 'vite.config.js' not loaded,run plain `vite`
OK,kanban-board/delayed_verification/runs/8/app,95.0,4,5,npm run build && npm run start,OK,,
OK,kanban-board/delayed_verification/runs/9/app,100.0,5,5,npm run build && npm run start,OK,,
OK,kanban-board/execution/runs/1/app,100.0,5,5,,backend serves no static dir,,
OK,kanban-board/execution/runs/10/app,95.0,4,5,npm run build && npm run server,OK,,
OK,kanban-board/execution/runs/11/app,100.0,5,5,npm run build && npm run start,OK,,
API_JS_COLLISION,kanban-board/execution/runs/12/app,100.0,5,5,npm run build && npm run start,OK,"client api.js served at /api.js, swallowed by '/api' proxy",npx vite . + open /<root>/
API_JS_COLLISION,kanban-board/execution/runs/13/app,100.0,5,5,,backend serves no static dir,"client api.js served at /api.js, swallowed by '/api' proxy",npx vite . + open /<root>/
OK,kanban-board/execution/runs/14/app,100.0,5,5,,backend serves no static dir,,
API_JS_COLLISION,kanban-board/execution/runs/15/app,100.0,5,5,,backend serves no static dir,"client api.js served at /api.js, swallowed by '/api' proxy",npx vite . + open /<root>/
OK,kanban-board/execution/runs/16/app,100.0,5,5,,no `build` script,,
OK,kanban-board/execution/runs/17/app,100.0,5,5,,no `build` script,,
OK,kanban-board/execution/runs/18/app,100.0,5,5,,no `build` script,,
OK,kanban-board/execution/runs/19/app,100.0,5,5,,no `build` script,,
OK,kanban-board/execution/runs/2/app,10.0,1,5,,backend serves no static dir,,
OK,kanban-board/execution/runs/20/app,95.0,4,5,,no `build` script,,
OK,kanban-board/execution/runs/21/app,100.0,5,5,npm run build && npm run start,OK,,
PROXY_NOT_LOADED,kanban-board/execution/runs/22/app,100.0,5,5,,backend serves no static dir,vite root='client' searches 'client/'; proxy config at 'vite.config.js' not loaded,run plain `vite`
OK,kanban-board/execution/runs/23/app,100.0,5,5,,no `build` script,,
OK,kanban-board/execution/runs/24/app,100.0,5,5,,backend serves no static dir,,
OK,kanban-board/execution/runs/25/app,100.0,5,5,,backend serves no static dir,,
OK,kanban-board/execution/runs/26/app,100.0,5,5,,no `build` script,,
OK,kanban-board/execution/runs/27/app,85.0,4,5,,no `build` script,,
OK,kanban-board/execution/runs/28/app,100.0,5,5,,no `build` script,,
OK,kanban-board/execution/runs/29/app,85.0,4,5,,no `build` script,,
OK,kanban-board/execution/runs/3/app,100.0,5,5,,no `build` script,,
OK,kanban-board/execution/runs/30/app,85.0,4,5,,no `build` script,,
OK,kanban-board/execution/runs/4/app,100.0,5,5,,no `build` script,,
OK,kanban-board/execution/runs/5/app,100.0,5,5,,backend serves no static dir,,
OK,kanban-board/execution/runs/6/app,100.0,5,5,,no backend start script,,
OK,kanban-board/execution/runs/7/app,100.0,5,5,npm run build && npm run start,OK,,
OK,kanban-board/execution/runs/8/app,100.0,5,5,,backend serves no static dir,,
OK,kanban-board/execution/runs/9/app,95.0,4,5,npm run build && npm run start,OK,,
OK,kanban-board/no_verification/runs/1/app,0.0,0,5,,backend serves no static dir,,
OK,kanban-board/no_verification/runs/10/app,95.0,4,5,,backend serves no static dir,,
OK,kanban-board/no_verification/runs/11/app,100.0,5,5,,backend serves no static dir,,
OK,kanban-board/no_verification/runs/12/app,100.0,5,5,npm run build && npm run start,OK,,
OK,kanban-board/no_verification/runs/13/app,100.0,5,5,,backend serves no static dir,,
OK,kanban-board/no_verification/runs/14/app,100.0,5,5,,backend serves no static dir,,
OK,kanban-board/no_verification/runs/15/app,100.0,5,5,npm run build && npm run start,OK,,
OK,kanban-board/no_verification/runs/16/app,0.0,0,5,,no `build` script,,
OK,kanban-board/no_verification/runs/17/app,100.0,5,5,,no `build` script,,
OK,kanban-board/no_verification/runs/18/app,0.0,0,5,,no `build` script,,
OK,kanban-board/no_verification/runs/19/app,0.0,0,5,,no `build` script,,
OK,kanban-board/no_verification/runs/2/app,100.0,5,5,,backend serves no static dir,,
OK,kanban-board/no_verification/runs/20/app,0.0,0,5,,no `build` script,,
OK,kanban-board/no_verification/runs/21/app,100.0,5,5,,no `build` script,,
PROXY_NOT_LOADED,kanban-board/no_verification/runs/22/app,100.0,5,5,,build->client/dist != served [dist],vite root='client' searches 'client/'; proxy config at 'vite.config.js' not loaded,run plain `vite`
OK,kanban-board/no_verification/runs/23/app,100.0,5,5,,no `build` script,,
OK,kanban-board/no_verification/runs/24/app,100.0,5,5,,no `build` script,,
OK,kanban-board/no_verification/runs/25/app,100.0,5,5,,backend serves no static dir,,
OK,kanban-board/no_verification/runs/26/app,100.0,5,5,,no `build` script,,
OK,kanban-board/no_verification/runs/27/app,100.0,5,5,,no `build` script,,
OK,kanban-board/no_verification/runs/28/app,100.0,5,5,,no `build` script,,
OK,kanban-board/no_verification/runs/29/app,100.0,5,5,,backend serves no static dir,,
OK,kanban-board/no_verification/runs/3/app,100.0,5,5,,backend serves no static dir,,
OK,kanban-board/no_verification/runs/30/app,100.0,5,5,,no `build` script,,
OK,kanban-board/no_verification/runs/4/app,100.0,5,5,,backend serves no static dir,,
OK,kanban-board/no_verification/runs/5/app,100.0,5,5,,backend serves no static dir,,
OK,kanban-board/no_verification/runs/6/app,0.0,0,5,npm run build && npm run start,OK,,
OK,kanban-board/no_verification/runs/7/app,100.0,5,5,npm run build && npm run server,OK,,
OK,kanban-board/no_verification/runs/8/app,100.0,5,5,npm run build && npm run start,OK,,
OK,kanban-board/no_verification/runs/9/app,100.0,5,5,,backend serves no static dir,,
OK,kanban-board/static/runs/1/app,100.0,5,5,,backend serves no static dir,,
OK,kanban-board/static/runs/10/app,100.0,5,5,,backend serves no static dir,,
OK,kanban-board/static/runs/11/app,100.0,5,5,,backend serves no static dir,,
API_JS_COLLISION,kanban-board/static/runs/12/app,95.0,4,5,,backend serves no static dir,"client api.js served at /api.js, swallowed by '/api' proxy",npx vite . + open /<root>/
API_JS_COLLISION,kanban-board/static/runs/13/app,100.0,5,5,,backend serves no static dir,"client api.js served at /api.js, swallowed by '/api' proxy",npx vite . + open /<root>/
API_JS_COLLISION,kanban-board/static/runs/14/app,100.0,5,5,npm run build && npm run start,OK,"client api.js served at /api.js, swallowed by '/api' proxy",npx vite . + open /<root>/
API_JS_COLLISION,kanban-board/static/runs/15/app,100.0,5,5,,backend serves no static dir,"client api.js served at /api.js, swallowed by '/api' proxy",npx vite . + open /<root>/
OK,kanban-board/static/runs/16/app,100.0,5,5,,no `build` script,,
OK,kanban-board/static/runs/17/app,0.0,0,5,,no `build` script,,
OK,kanban-board/static/runs/18/app,95.0,4,5,,backend serves no static dir,,
OK,kanban-board/static/runs/19/app,0.0,0,5,,no `build` script,,
OK,kanban-board/static/runs/2/app,100.0,5,5,,backend serves no static dir,,
OK,kanban-board/static/runs/20/app,0.0,0,5,,no `build` script,,
PROXY_NOT_LOADED,kanban-board/static/runs/21/app,100.0,5,5,,backend serves no static dir,vite root='client' searches 'client/'; proxy config at 'vite.config.js' not loaded,run plain `vite`
PROXY_NOT_LOADED,kanban-board/static/runs/22/app,100.0,5,5,,build->client/dist != served [dist/client],vite root='client' searches 'client/'; proxy config at 'vite.config.js' not loaded,run plain `vite`
OK,kanban-board/static/runs/23/app,20.0,2,5,,backend serves no static dir,,
OK,kanban-board/static/runs/24/app,100.0,5,5,npm run build && npm run start,OK,,
OK,kanban-board/static/runs/25/app,0.0,0,5,,backend serves no static dir,,
OK,kanban-board/static/runs/26/app,0.0,0,5,,no `build` script,,
OK,kanban-board/static/runs/27/app,0.0,0,5,,no `build` script,,
OK,kanban-board/static/runs/28/app,90.0,4,5,,no `build` script,,
OK,kanban-board/static/runs/29/app,85.0,4,5,,no `build` script,,
OK,kanban-board/static/runs/3/app,0.0,0,5,,backend serves no static dir,,
OK,kanban-board/static/runs/30/app,85.0,4,5,,backend serves no static dir,,
OK,kanban-board/static/runs/4/app,95.0,4,5,,backend serves no static dir,,
OK,kanban-board/static/runs/5/app,95.0,4,5,,backend serves no static dir,,
OK,kanban-board/static/runs/6/app,100.0,5,5,npm run build && npm run start,OK,,
OK,kanban-board/static/runs/7/app,100.0,5,5,,backend serves no static dir,,
OK,kanban-board/static/runs/8/app,100.0,5,5,npm run build && npm run start,OK,,
OK,kanban-board/static/runs/9/app,100.0,5,5,,backend serves no static dir,,
OK,kanban-board/visual/runs/1/app,85.0,4,5,,no `build` script,,
API_JS_COLLISION,kanban-board/visual/runs/11/app,0.0,0,5,npm run build && npm run start,OK,"client api.js served at /api.js, swallowed by '/api' proxy",npx vite . + open /<root>/
API_JS_COLLISION,kanban-board/visual/runs/12/app,0.0,0,5,npm run build && npm run start,OK,"client api.js served at /api.js, swallowed by '/api' proxy",npx vite . + open /<root>/
OK,kanban-board/visual/runs/13/app,100.0,5,5,npm run build && npm run start,OK,,
OK,kanban-board/visual/runs/14/app,100.0,5,5,,no backend start script,,
OK,kanban-board/visual/runs/16/app,100.0,5,5,,no `build` script,,
OK,kanban-board/visual/runs/17/app,100.0,5,5,,no `build` script,,
OK,kanban-board/visual/runs/18/app,100.0,5,5,,no `build` script,,
OK,kanban-board/visual/runs/19/app,100.0,5,5,,no `build` script,,
OK,kanban-board/visual/runs/2/app,100.0,5,5,,no `build` script,,
OK,kanban-board/visual/runs/21/app,100.0,5,5,,build->dist != served [client],,
OK,kanban-board/visual/runs/22/app,100.0,5,5,,backend serves no static dir,,
OK,kanban-board/visual/runs/23/app,100.0,5,5,npm run build && npm run start,OK,,
OK,kanban-board/visual/runs/24/app,100.0,5,5,,build->dist != served [client],,
OK,kanban-board/visual/runs/26/app,100.0,5,5,,no `build` script,,
OK,kanban-board/visual/runs/27/app,85.0,4,5,,no `build` script,,
OK,kanban-board/visual/runs/28/app,75.0,3,5,,no `build` script,,
OK,kanban-board/visual/runs/29/app,35.0,2,5,,no `build` script,,
OK,kanban-board/visual/runs/3/app,100.0,5,5,npm run build && npm run start,OK,,
OK,kanban-board/visual/runs/4/app,100.0,5,5,npm run build && npm run start,OK,,
OK,kanban-board/visual/runs/6/app,100.0,5,5,npm run build && npm run start,OK,,
OK,kanban-board/visual/runs/7/app,100.0,5,5,,no `build` script,,
OK,kanban-board/visual/runs/8/app,100.0,5,5,,no `build` script,,
OK,kanban-board/visual/runs/9/app,100.0,5,5,,backend serves no static dir,,
OK,kanban-labels-brownfield/boot_check/runs/1/app,100.0,5,5,,backend serves no static dir,,
OK,kanban-labels-brownfield/boot_check/runs/10/app,100.0,5,5,,backend serves no static dir,,
OK,kanban-labels-brownfield/boot_check/runs/11/app,100.0,5,5,,backend serves no static dir,,
OK,kanban-labels-brownfield/boot_check/runs/12/app,100.0,5,5,,backend serves no static dir,,
OK,kanban-labels-brownfield/boot_check/runs/13/app,90.0,4,5,,backend serves no static dir,,
OK,kanban-labels-brownfield/boot_check/runs/14/app,100.0,5,5,,backend serves no static dir,,
OK,kanban-labels-brownfield/boot_check/runs/15/app,100.0,5,5,,backend serves no static dir,,
OK,kanban-labels-brownfield/boot_check/runs/16/app,90.0,4,5,,backend serves no static dir,,
OK,kanban-labels-brownfield/boot_check/runs/17/app,100.0,5,5,,backend serves no static dir,,
OK,kanban-labels-brownfield/boot_check/runs/18/app,100.0,5,5,,backend serves no static dir,,
OK,kanban-labels-brownfield/boot_check/runs/19/app,90.0,4,5,,backend serves no static dir,,
OK,kanban-labels-brownfield/boot_check/runs/2/app,100.0,5,5,,backend serves no static dir,,
OK,kanban-labels-brownfield/boot_check/runs/20/app,100.0,5,5,,backend serves no static dir,,
OK,kanban-labels-brownfield/boot_check/runs/21/app,100.0,5,5,,backend serves no static dir,,
OK,kanban-labels-brownfield/boot_check/runs/22/app,90.0,4,5,,backend serves no static dir,,
OK,kanban-labels-brownfield/boot_check/runs/23/app,100.0,5,5,,backend serves no static dir,,
OK,kanban-labels-brownfield/boot_check/runs/24/app,90.0,4,5,,backend serves no static dir,,
OK,kanban-labels-brownfield/boot_check/runs/25/app,100.0,5,5,,backend serves no static dir,,
OK,kanban-labels-brownfield/boot_check/runs/26/app,90.0,4,5,,backend serves no static dir,,
OK,kanban-labels-brownfield/boot_check/runs/27/app,90.0,4,5,,backend serves no static dir,,
OK,kanban-labels-brownfield/boot_check/runs/28/app,90.0,4,5,,backend serves no static dir,,
OK,kanban-labels-brownfield/boot_check/runs/29/app,90.0,4,5,,backend serves no static dir,,
OK,kanban-labels-brownfield/boot_check/runs/3/app,100.0,5,5,,backend serves no static dir,,
OK,kanban-labels-brownfield/boot_check/runs/30/app,100.0,5,5,,backend serves no static dir,,
OK,kanban-labels-brownfield/boot_check/runs/4/app,100.0,5,5,,backend serves no static dir,,
OK,kanban-labels-brownfield/boot_check/runs/5/app,100.0,5,5,,backend serves no static dir,,
OK,kanban-labels-brownfield/boot_check/runs/6/app,100.0,5,5,,backend serves no static dir,,
OK,kanban-labels-brownfield/boot_check/runs/7/app,100.0,5,5,,backend serves no static dir,,
OK,kanban-labels-brownfield/boot_check/runs/8/app,100.0,5,5,,backend serves no static dir,,
OK,kanban-labels-brownfield/boot_check/runs/9/app,100.0,5,5,,backend serves no static dir,,
OK,kanban-labels-brownfield/execution/runs/1/app,100.0,5,5,,backend serves no static dir,,
OK,kanban-labels-brownfield/execution/runs/10/app,100.0,5,5,,backend serves no static dir,,
OK,kanban-labels-brownfield/execution/runs/11/app,100.0,5,5,,backend serves no static dir,,
OK,kanban-labels-brownfield/execution/runs/12/app,100.0,5,5,,backend serves no static dir,,
OK,kanban-labels-brownfield/execution/runs/13/app,100.0,5,5,,backend serves no static dir,,
OK,kanban-labels-brownfield/execution/runs/14/app,100.0,5,5,,backend serves no static dir,,
OK,kanban-labels-brownfield/execution/runs/15/app,90.0,4,5,,backend serves no static dir,,
OK,kanban-labels-brownfield/execution/runs/16/app,100.0,5,5,,backend serves no static dir,,
OK,kanban-labels-brownfield/execution/runs/17/app,100.0,5,5,,backend serves no static dir,,
OK,kanban-labels-brownfield/execution/runs/18/app,100.0,5,5,,backend serves no static dir,,
OK,kanban-labels-brownfield/execution/runs/19/app,100.0,5,5,,backend serves no static dir,,
OK,kanban-labels-brownfield/execution/runs/2/app,100.0,5,5,,backend serves no static dir,,
OK,kanban-labels-brownfield/execution/runs/20/app,100.0,5,5,,backend serves no static dir,,
OK,kanban-labels-brownfield/execution/runs/21/app,100.0,5,5,,backend serves no static dir,,
OK,kanban-labels-brownfield/execution/runs/22/app,100.0,5,5,,backend serves no static dir,,
OK,kanban-labels-brownfield/execution/runs/23/app,100.0,5,5,,backend serves no static dir,,
OK,kanban-labels-brownfield/execution/runs/24/app,100.0,5,5,,backend serves no static dir,,
OK,kanban-labels-brownfield/execution/runs/25/app,100.0,5,5,,backend serves no static dir,,
OK,kanban-labels-brownfield/execution/runs/26/app,100.0,5,5,,backend serves no static dir,,
OK,kanban-labels-brownfield/execution/runs/27/app,90.0,4,5,,backend serves no static dir,,
OK,kanban-labels-brownfield/execution/runs/28/app,90.0,4,5,,backend serves no static dir,,
OK,kanban-labels-brownfield/execution/runs/29/app,100.0,5,5,,backend serves no static dir,,
OK,kanban-labels-brownfield/execution/runs/3/app,100.0,5,5,,backend serves no static dir,,
OK,kanban-labels-brownfield/execution/runs/30/app,80.0,3,5,,backend serves no static dir,,
OK,kanban-labels-brownfield/execution/runs/4/app,0.0,0,5,,backend serves no static dir,,
OK,kanban-labels-brownfield/execution/runs/5/app,100.0,5,5,,backend serves no static dir,,
OK,kanban-labels-brownfield/execution/runs/6/app,100.0,5,5,,backend serves no static dir,,
OK,kanban-labels-brownfield/execution/runs/7/app,100.0,5,5,,backend serves no static dir,,
OK,kanban-labels-brownfield/execution/runs/8/app,100.0,5,5,,backend serves no static dir,,
OK,kanban-labels-brownfield/execution/runs/9/app,100.0,5,5,,backend serves no static dir,,
OK,kanban-labels-brownfield/no_verification/runs/1/app,100.0,5,5,,backend serves no static dir,,
OK,kanban-labels-brownfield/no_verification/runs/10/app,100.0,5,5,,backend serves no static dir,,
OK,kanban-labels-brownfield/no_verification/runs/11/app,100.0,5,5,,backend serves no static dir,,
OK,kanban-labels-brownfield/no_verification/runs/12/app,90.0,4,5,,backend serves no static dir,,
OK,kanban-labels-brownfield/no_verification/runs/13/app,100.0,5,5,,backend serves no static dir,,
OK,kanban-labels-brownfield/no_verification/runs/14/app,100.0,5,5,,backend serves no static dir,,
OK,kanban-labels-brownfield/no_verification/runs/15/app,100.0,5,5,,backend serves no static dir,,
OK,kanban-labels-brownfield/no_verification/runs/16/app,0.0,0,5,,backend serves no static dir,,
OK,kanban-labels-brownfield/no_verification/runs/17/app,0.0,0,5,,backend serves no static dir,,
OK,kanban-labels-brownfield/no_verification/runs/18/app,100.0,5,5,,backend serves no static dir,,
OK,kanban-labels-brownfield/no_verification/runs/19/app,100.0,5,5,,backend serves no static dir,,
OK,kanban-labels-brownfield/no_verification/runs/2/app,20.0,1,5,,backend serves no static dir,,
OK,kanban-labels-brownfield/no_verification/runs/20/app,100.0,5,5,,backend serves no static dir,,
OK,kanban-labels-brownfield/no_verification/runs/21/app,100.0,5,5,,backend serves no static dir,,
OK,kanban-labels-brownfield/no_verification/runs/22/app,90.0,4,5,,backend serves no static dir,,
OK,kanban-labels-brownfield/no_verification/runs/23/app,90.0,4,5,,backend serves no static dir,,
OK,kanban-labels-brownfield/no_verification/runs/24/app,90.0,4,5,,backend serves no static dir,,
OK,kanban-labels-brownfield/no_verification/runs/25/app,100.0,5,5,,backend serves no static dir,,
OK,kanban-labels-brownfield/no_verification/runs/26/app,100.0,5,5,,backend serves no static dir,,
OK,kanban-labels-brownfield/no_verification/runs/27/app,90.0,4,5,,backend serves no static dir,,
OK,kanban-labels-brownfield/no_verification/runs/28/app,80.0,4,5,,backend serves no static dir,,
OK,kanban-labels-brownfield/no_verification/runs/29/app,80.0,3,5,,backend serves no static dir,,
OK,kanban-labels-brownfield/no_verification/runs/3/app,100.0,5,5,,backend serves no static dir,,
OK,kanban-labels-brownfield/no_verification/runs/30/app,0.0,0,5,,backend serves no static dir,,
OK,kanban-labels-brownfield/no_verification/runs/4/app,100.0,5,5,,backend serves no static dir,,
OK,kanban-labels-brownfield/no_verification/runs/5/app,100.0,5,5,,backend serves no static dir,,
OK,kanban-labels-brownfield/no_verification/runs/6/app,100.0,5,5,,backend serves no static dir,,
OK,kanban-labels-brownfield/no_verification/runs/7/app,100.0,5,5,,backend serves no static dir,,
OK,kanban-labels-brownfield/no_verification/runs/8/app,0.0,0,5,npm run build && npm run start,OK,,
OK,kanban-labels-brownfield/no_verification/runs/9/app,100.0,5,5,,backend serves no static dir,,
OK,kanban-labels-brownfield/static/runs/1/app,100.0,5,5,,backend serves no static dir,,
OK,kanban-labels-brownfield/static/runs/10/app,100.0,5,5,,backend serves no static dir,,
OK,kanban-labels-brownfield/static/runs/11/app,100.0,5,5,,backend serves no static dir,,
OK,kanban-labels-brownfield/static/runs/12/app,100.0,5,5,,backend serves no static dir,,
OK,kanban-labels-brownfield/static/runs/13/app,100.0,5,5,,backend serves no static dir,,
OK,kanban-labels-brownfield/static/runs/14/app,100.0,5,5,,backend serves no static dir,,
OK,kanban-labels-brownfield/static/runs/15/app,100.0,5,5,,backend serves no static dir,,
OK,kanban-labels-brownfield/static/runs/16/app,0.0,0,5,,backend serves no static dir,,
OK,kanban-labels-brownfield/static/runs/17/app,0.0,0,5,,backend serves no static dir,,
OK,kanban-labels-brownfield/static/runs/18/app,100.0,5,5,,backend serves no static dir,,
OK,kanban-labels-brownfield/static/runs/19/app,100.0,5,5,,backend serves no static dir,,
OK,kanban-labels-brownfield/static/runs/2/app,100.0,5,5,,backend serves no static dir,,
OK,kanban-labels-brownfield/static/runs/20/app,90.0,4,5,,backend serves no static dir,,
OK,kanban-labels-brownfield/static/runs/21/app,0.0,0,5,,backend serves no static dir,,
OK,kanban-labels-brownfield/static/runs/22/app,100.0,5,5,,backend serves no static dir,,
OK,kanban-labels-brownfield/static/runs/23/app,100.0,5,5,,backend serves no static dir,,
OK,kanban-labels-brownfield/static/runs/24/app,100.0,5,5,,backend serves no static dir,,
OK,kanban-labels-brownfield/static/runs/25/app,100.0,5,5,,backend serves no static dir,,
OK,kanban-labels-brownfield/static/runs/26/app,20.0,1,5,,backend serves no static dir,,
OK,kanban-labels-brownfield/static/runs/27/app,70.0,3,5,,backend serves no static dir,,
OK,kanban-labels-brownfield/static/runs/28/app,0.0,0,5,,backend serves no static dir,,
OK,kanban-labels-brownfield/static/runs/29/app,80.0,4,5,,backend serves no static dir,,
OK,kanban-labels-brownfield/static/runs/3/app,90.0,4,5,,backend serves no static dir,,
OK,kanban-labels-brownfield/static/runs/30/app,90.0,4,5,,backend serves no static dir,,
OK,kanban-labels-brownfield/static/runs/4/app,100.0,5,5,,backend serves no static dir,,
OK,kanban-labels-brownfield/static/runs/5/app,100.0,5,5,,backend serves no static dir,,
OK,kanban-labels-brownfield/static/runs/6/app,100.0,5,5,,backend serves no static dir,,
OK,kanban-labels-brownfield/static/runs/7/app,100.0,5,5,,backend serves no static dir,,
OK,kanban-labels-brownfield/static/runs/8/app,100.0,5,5,,backend serves no static dir,,
OK,kanban-labels-brownfield/static/runs/9/app,90.0,4,5,,backend serves no static dir,,
OK,kanban-labels-brownfield/visual/runs/1/app,100.0,5,5,,backend serves no static dir,,
OK,kanban-labels-brownfield/visual/runs/11/app,100.0,5,5,,backend serves no static dir,,
OK,kanban-labels-brownfield/visual/runs/12/app,100.0,5,5,,backend serves no static dir,,
OK,kanban-labels-brownfield/visual/runs/13/app,100.0,5,5,,backend serves no static dir,,
OK,kanban-labels-brownfield/visual/runs/14/app,100.0,5,5,,backend serves no static dir,,
OK,kanban-labels-brownfield/visual/runs/16/app,100.0,5,5,,backend serves no static dir,,
OK,kanban-labels-brownfield/visual/runs/17/app,100.0,5,5,,backend serves no static dir,,
OK,kanban-labels-brownfield/visual/runs/18/app,100.0,5,5,,backend serves no static dir,,
OK,kanban-labels-brownfield/visual/runs/19/app,100.0,5,5,,backend serves no static dir,,
OK,kanban-labels-brownfield/visual/runs/2/app,20.0,1,5,,backend serves no static dir,,
OK,kanban-labels-brownfield/visual/runs/21/app,100.0,5,5,,backend serves no static dir,,
OK,kanban-labels-brownfield/visual/runs/22/app,80.0,3,5,npm run build && npm run start,OK,,
OK,kanban-labels-brownfield/visual/runs/23/app,100.0,5,5,,backend serves no static dir,,
OK,kanban-labels-brownfield/visual/runs/24/app,100.0,5,5,npm run build && npm run start,OK,,
OK,kanban-labels-brownfield/visual/runs/26/app,80.0,4,5,,backend serves no static dir,,
OK,kanban-labels-brownfield/visual/runs/27/app,80.0,4,5,,backend serves no static dir,,
OK,kanban-labels-brownfield/visual/runs/28/app,80.0,3,5,,backend serves no static dir,,
OK,kanban-labels-brownfield/visual/runs/29/app,100.0,5,5,,backend serves no static dir,,
OK,kanban-labels-brownfield/visual/runs/3/app,100.0,5,5,,backend serves no static dir,,
OK,kanban-labels-brownfield/visual/runs/4/app,90.0,4,5,,backend serves no static dir,,
OK,kanban-labels-brownfield/visual/runs/6/app,100.0,5,5,,backend serves no static dir,,
OK,kanban-labels-brownfield/visual/runs/7/app,100.0,5,5,,backend serves no static dir,,
OK,kanban-labels-brownfield/visual/runs/8/app,100.0,5,5,,backend serves no static dir,,
OK,kanban-labels-brownfield/visual/runs/9/app,100.0,5,5,,backend serves no static dir,,
OK,log-explorer-perf/boot_check/runs/1/app,90.0,4,5,,no `build` script,,
OK,log-explorer-perf/boot_check/runs/10/app,100.0,5,5,,backend serves no static dir,,
OK,log-explorer-perf/boot_check/runs/11/app,100.0,5,5,,backend serves no static dir,,
OK,log-explorer-perf/boot_check/runs/12/app,100.0,5,5,npm run build && npm run start,OK,,
OK,log-explorer-perf/boot_check/runs/13/app,0.0,0,5,,backend serves no static dir,,
OK,log-explorer-perf/boot_check/runs/14/app,100.0,5,5,,backend serves no static dir,,
OK,log-explorer-perf/boot_check/runs/15/app,100.0,5,5,,backend serves no static dir,,
OK,log-explorer-perf/boot_check/runs/16/app,100.0,5,5,,no `build` script,,
OK,log-explorer-perf/boot_check/runs/17/app,100.0,5,5,,no `build` script,,
OK,log-explorer-perf/boot_check/runs/18/app,100.0,5,5,,no `build` script,,
OK,log-explorer-perf/boot_check/runs/19/app,100.0,5,5,,no `build` script,,
OK,log-explorer-perf/boot_check/runs/2/app,100.0,5,5,,backend serves no static dir,,
OK,log-explorer-perf/boot_check/runs/20/app,100.0,5,5,,no `build` script,,
OK,log-explorer-perf/boot_check/runs/21/app,100.0,5,5,,no `build` script,,
OK,log-explorer-perf/boot_check/runs/22/app,100.0,5,5,,no `build` script,,
OK,log-explorer-perf/boot_check/runs/23/app,100.0,5,5,,no `build` script,,
OK,log-explorer-perf/boot_check/runs/24/app,100.0,5,5,,no `build` script,,
OK,log-explorer-perf/boot_check/runs/25/app,100.0,5,5,,no `build` script,,
OK,log-explorer-perf/boot_check/runs/26/app,100.0,5,5,,no `build` script,,
OK,log-explorer-perf/boot_check/runs/27/app,75.0,3,5,,no `build` script,,
OK,log-explorer-perf/boot_check/runs/28/app,75.0,3,5,,no `build` script,,
OK,log-explorer-perf/boot_check/runs/29/app,75.0,3,5,,no `build` script,,
OK,log-explorer-perf/boot_check/runs/3/app,100.0,5,5,,no `build` script,,
OK,log-explorer-perf/boot_check/runs/30/app,75.0,3,5,,no `build` script,,
OK,log-explorer-perf/boot_check/runs/4/app,5.0,0,5,npm run build && npm run start,OK,,
OK,log-explorer-perf/boot_check/runs/5/app,65.0,3,5,,no `build` script,,
OK,log-explorer-perf/boot_check/runs/6/app,0.0,0,5,,no `build` script,,
OK,log-explorer-perf/boot_check/runs/7/app,85.0,4,5,,no `build` script,,
OK,log-explorer-perf/boot_check/runs/8/app,100.0,5,5,,no `build` script,,
OK,log-explorer-perf/boot_check/runs/9/app,100.0,5,5,,`build` is not a vite build,,
OK,log-explorer-perf/execution/runs/1/app,85.0,4,5,,no `build` script,,
OK,log-explorer-perf/execution/runs/10/app,100.0,5,5,,backend serves no static dir,,
OK,log-explorer-perf/execution/runs/11/app,100.0,5,5,,no `build` script,,
OK,log-explorer-perf/execution/runs/12/app,100.0,5,5,,backend serves no static dir,,
OK,log-explorer-perf/execution/runs/13/app,100.0,5,5,,backend serves no static dir,,
OK,log-explorer-perf/execution/runs/14/app,100.0,5,5,,backend serves no static dir,,
OK,log-explorer-perf/execution/runs/15/app,100.0,5,5,,no `build` script,,
OK,log-explorer-perf/execution/runs/16/app,100.0,5,5,,no `build` script,,
OK,log-explorer-perf/execution/runs/17/app,100.0,5,5,,no `build` script,,
OK,log-explorer-perf/execution/runs/18/app,100.0,5,5,,no `build` script,,
OK,log-explorer-perf/execution/runs/19/app,100.0,5,5,,no `build` script,,
OK,log-explorer-perf/execution/runs/2/app,100.0,5,5,,no `build` script,,
NO_VITE,log-explorer-perf/execution/runs/20/app,100.0,5,5,,no `build` script,,
OK,log-explorer-perf/execution/runs/21/app,100.0,5,5,,no `build` script,,
OK,log-explorer-perf/execution/runs/22/app,100.0,5,5,,no `build` script,,
OK,log-explorer-perf/execution/runs/23/app,100.0,5,5,,no `build` script,,
OK,log-explorer-perf/execution/runs/24/app,100.0,5,5,,no `build` script,,
OK,log-explorer-perf/execution/runs/25/app,100.0,5,5,,no `build` script,,
OK,log-explorer-perf/execution/runs/26/app,100.0,5,5,,no `build` script,,
OK,log-explorer-perf/execution/runs/27/app,75.0,3,5,,no `build` script,,
OK,log-explorer-perf/execution/runs/28/app,80.0,3,5,,no `build` script,,
OK,log-explorer-perf/execution/runs/29/app,0.0,0,5,,no `build` script,,
OK,log-explorer-perf/execution/runs/3/app,100.0,5,5,,no `build` script,,
OK,log-explorer-perf/execution/runs/30/app,100.0,5,5,,no `build` script,,
OK,log-explorer-perf/execution/runs/4/app,100.0,5,5,,no `build` script,,
OK,log-explorer-perf/execution/runs/5/app,90.0,4,5,,no `build` script,,
OK,log-explorer-perf/execution/runs/6/app,100.0,5,5,,no `build` script,,
OK,log-explorer-perf/execution/runs/7/app,100.0,5,5,,no `build` script,,
OK,log-explorer-perf/execution/runs/8/app,85.0,4,5,,no `build` script,,
OK,log-explorer-perf/execution/runs/9/app,100.0,5,5,,no `build` script,,
OK,log-explorer-perf/no_verification/runs/1/app,100.0,5,5,,no `build` script,,
OK,log-explorer-perf/no_verification/runs/10/app,0.0,0,5,,no `build` script,,
OK,log-explorer-perf/no_verification/runs/11/app,100.0,5,5,,backend serves no static dir,,
OK,log-explorer-perf/no_verification/runs/12/app,100.0,5,5,,no `build` script,,
OK,log-explorer-perf/no_verification/runs/13/app,100.0,5,5,,no `build` script,,
OK,log-explorer-perf/no_verification/runs/14/app,100.0,5,5,,backend serves no static dir,,
OK,log-explorer-perf/no_verification/runs/15/app,100.0,5,5,npm run build && npm run start,OK,,
OK,log-explorer-perf/no_verification/runs/16/app,0.0,0,5,,no `build` script,,
OK,log-explorer-perf/no_verification/runs/17/app,0.0,0,5,,no `build` script,,
OK,log-explorer-perf/no_verification/runs/18/app,0.0,0,5,,no `build` script,,
OK,log-explorer-perf/no_verification/runs/19/app,0.0,0,5,,no `build` script,,
OK,log-explorer-perf/no_verification/runs/2/app,100.0,5,5,,backend serves no static dir,,
NO_VITE,log-explorer-perf/no_verification/runs/20/app,0.0,0,5,,no `build` script,,
OK,log-explorer-perf/no_verification/runs/21/app,100.0,5,5,,no `build` script,,
OK,log-explorer-perf/no_verification/runs/22/app,100.0,5,5,,no `build` script,,
OK,log-explorer-perf/no_verification/runs/23/app,100.0,5,5,,no `build` script,,
OK,log-explorer-perf/no_verification/runs/24/app,100.0,5,5,,no `build` script,,
OK,log-explorer-perf/no_verification/runs/25/app,100.0,5,5,,no `build` script,,
OK,log-explorer-perf/no_verification/runs/26/app,100.0,5,5,,no `build` script,,
OK,log-explorer-perf/no_verification/runs/27/app,90.0,4,5,,no `build` script,,
OK,log-explorer-perf/no_verification/runs/28/app,90.0,4,5,,no `build` script,,
OK,log-explorer-perf/no_verification/runs/29/app,100.0,5,5,,no `build` script,,
OK,log-explorer-perf/no_verification/runs/3/app,100.0,5,5,,backend serves no static dir,,
OK,log-explorer-perf/no_verification/runs/30/app,75.0,3,5,,no `build` script,,
OK,log-explorer-perf/no_verification/runs/4/app,100.0,5,5,,no backend start script,,
OK,log-explorer-perf/no_verification/runs/5/app,100.0,5,5,,backend serves no static dir,,
OK,log-explorer-perf/no_verification/runs/6/app,100.0,5,5,,no `build` script,,
OK,log-explorer-perf/no_verification/runs/7/app,100.0,5,5,,no `build` script,,
OK,log-explorer-perf/no_verification/runs/8/app,100.0,5,5,,backend serves no static dir,,
OK,log-explorer-perf/no_verification/runs/9/app,100.0,5,5,,backend serves no static dir,,
OK,log-explorer-perf/static/runs/1/app,100.0,5,5,,no `build` script,,
OK,log-explorer-perf/static/runs/10/app,100.0,5,5,,no `build` script,,
OK,log-explorer-perf/static/runs/11/app,100.0,5,5,,no `build` script,,
OK,log-explorer-perf/static/runs/12/app,100.0,5,5,,backend serves no static dir,,
OK,log-explorer-perf/static/runs/13/app,100.0,5,5,,backend serves no static dir,,
OK,log-explorer-perf/static/runs/14/app,100.0,5,5,,no `build` script,,
OK,log-explorer-perf/static/runs/15/app,100.0,5,5,,no `build` script,,
OK,log-explorer-perf/static/runs/16/app,100.0,5,5,,no `build` script,,
OK,log-explorer-perf/static/runs/17/app,0.0,0,5,,no `build` script,,
OK,log-explorer-perf/static/runs/18/app,0.0,0,5,,no `build` script,,
OK,log-explorer-perf/static/runs/19/app,0.0,0,5,,no `build` script,,
OK,log-explorer-perf/static/runs/2/app,100.0,5,5,,no `build` script,,
OK,log-explorer-perf/static/runs/20/app,0.0,0,5,,no `build` script,,
OK,log-explorer-perf/static/runs/21/app,100.0,5,5,,no `build` script,,
OK,log-explorer-perf/static/runs/22/app,100.0,5,5,,no `build` script,,
OK,log-explorer-perf/static/runs/23/app,100.0,5,5,,no `build` script,,
OK,log-explorer-perf/static/runs/24/app,100.0,5,5,,no `build` script,,
OK,log-explorer-perf/static/runs/25/app,95.0,4,5,,no `build` script,,
OK,log-explorer-perf/static/runs/26/app,90.0,4,5,,no `build` script,,
OK,log-explorer-perf/static/runs/27/app,100.0,5,5,,no `build` script,,
OK,log-explorer-perf/static/runs/28/app,60.0,3,5,,no `build` script,,
OK,log-explorer-perf/static/runs/29/app,90.0,4,5,,no `build` script,,
OK,log-explorer-perf/static/runs/3/app,0.0,0,5,,no `build` script,,
OK,log-explorer-perf/static/runs/30/app,90.0,4,5,,no `build` script,,
OK,log-explorer-perf/static/runs/4/app,100.0,5,5,,no `build` script,,
OK,log-explorer-perf/static/runs/5/app,100.0,5,5,,no `build` script,,
OK,log-explorer-perf/static/runs/6/app,90.0,4,5,,no `build` script,,
OK,log-explorer-perf/static/runs/7/app,100.0,5,5,npm run build && npm run start,OK,,
OK,log-explorer-perf/static/runs/8/app,100.0,5,5,,no `build` script,,
OK,log-explorer-perf/static/runs/9/app,100.0,5,5,,backend serves no static dir,,
OK,log-explorer-perf/visual/runs/1/app,0.0,0,5,,backend serves no static dir,,
OK,log-explorer-perf/visual/runs/10/app,100.0,5,5,,no `build` script,,
OK,log-explorer-perf/visual/runs/11/app,100.0,5,5,,build->client/dist != served [dist],,
OK,log-explorer-perf/visual/runs/12/app,100.0,5,5,,no `build` script,,
OK,log-explorer-perf/visual/runs/13/app,100.0,5,5,,no `build` script,,
OK,log-explorer-perf/visual/runs/14/app,100.0,5,5,,backend serves no static dir,,
OK,log-explorer-perf/visual/runs/15/app,100.0,5,5,,no `build` script,,
NO_VITE,log-explorer-perf/visual/runs/16/app,100.0,5,5,,no `build` script,,
OK,log-explorer-perf/visual/runs/17/app,100.0,5,5,,no `build` script,,
OK,log-explorer-perf/visual/runs/18/app,100.0,5,5,,no `build` script,,
OK,log-explorer-perf/visual/runs/19/app,100.0,5,5,,no `build` script,,
OK,log-explorer-perf/visual/runs/2/app,100.0,5,5,,no `build` script,,
OK,log-explorer-perf/visual/runs/20/app,0.0,0,5,,no `build` script,,
OK,log-explorer-perf/visual/runs/21/app,85.0,4,5,,no `build` script,,
OK,log-explorer-perf/visual/runs/22/app,100.0,5,5,npm run build && npm run start,OK,,
OK,log-explorer-perf/visual/runs/23/app,100.0,5,5,,no `build` script,,
OK,log-explorer-perf/visual/runs/24/app,100.0,5,5,,no `build` script,,
OK,log-explorer-perf/visual/runs/25/app,100.0,5,5,npm run build && npm run start,OK,,
OK,log-explorer-perf/visual/runs/26/app,100.0,5,5,,no `build` script,,
OK,log-explorer-perf/visual/runs/27/app,85.0,4,5,,no `build` script,,
OK,log-explorer-perf/visual/runs/28/app,85.0,4,5,,no `build` script,,
OK,log-explorer-perf/visual/runs/29/app,95.0,4,5,,no `build` script,,
OK,log-explorer-perf/visual/runs/3/app,100.0,5,5,,backend serves no static dir,,
OK,log-explorer-perf/visual/runs/30/app,100.0,5,5,,no `build` script,,
OK,log-explorer-perf/visual/runs/4/app,100.0,5,5,,no backend start script,,
OK,log-explorer-perf/visual/runs/5/app,100.0,5,5,,no `build` script,,
OK,log-explorer-perf/visual/runs/6/app,100.0,5,5,,backend serves no static dir,,
OK,log-explorer-perf/visual/runs/7/app,100.0,5,5,,backend serves no static dir,,
OK,log-explorer-perf/visual/runs/8/app,100.0,5,5,,backend serves no static dir,,
OK,log-explorer-perf/visual/runs/9/app,100.0,5,5,,backend serves no static dir,,
OK,log-explorer-perf/visual_no_shell/runs/1/app,85.0,4,5,,no `build` script,,
OK,log-explorer-perf/visual_no_shell/runs/10/app,100.0,5,5,,no `build` script,,
OK,log-explorer-perf/visual_no_shell/runs/11/app,100.0,5,5,,backend serves no static dir,,
OK,log-explorer-perf/visual_no_shell/runs/12/app,100.0,5,5,,no `build` script,,
OK,log-explorer-perf/visual_no_shell/runs/13/app,100.0,5,5,,backend serves no static dir,,
OK,log-explorer-perf/visual_no_shell/runs/14/app,100.0,5,5,,no `build` script,,
OK,log-explorer-perf/visual_no_shell/runs/15/app,100.0,5,5,,backend serves no static dir,,
OK,log-explorer-perf/visual_no_shell/runs/16/app,100.0,5,5,,no `build` script,,
OK,log-explorer-perf/visual_no_shell/runs/17/app,100.0,5,5,,no `build` script,,
OK,log-explorer-perf/visual_no_shell/runs/18/app,100.0,5,5,,no `build` script,,
OK,log-explorer-perf/visual_no_shell/runs/19/app,100.0,5,5,,no `build` script,,
OK,log-explorer-perf/visual_no_shell/runs/2/app,75.0,3,5,,backend serves no static dir,,
OK,log-explorer-perf/visual_no_shell/runs/20/app,100.0,5,5,,no `build` script,,
OK,log-explorer-perf/visual_no_shell/runs/21/app,100.0,5,5,,no `build` script,,
OK,log-explorer-perf/visual_no_shell/runs/22/app,100.0,5,5,,no `build` script,,
OK,log-explorer-perf/visual_no_shell/runs/23/app,100.0,5,5,,no `build` script,,
OK,log-explorer-perf/visual_no_shell/runs/24/app,100.0,5,5,,no `build` script,,
OK,log-explorer-perf/visual_no_shell/runs/25/app,80.0,3,5,,no `build` script,,
OK,log-explorer-perf/visual_no_shell/runs/26/app,75.0,3,5,,no `build` script,,
OK,log-explorer-perf/visual_no_shell/runs/27/app,0.0,0,5,,no `build` script,,
OK,log-explorer-perf/visual_no_shell/runs/28/app,100.0,5,5,,no `build` script,,
OK,log-explorer-perf/visual_no_shell/runs/29/app,90.0,4,5,,no `build` script,,
OK,log-explorer-perf/visual_no_shell/runs/3/app,75.0,3,5,,no `build` script,,
OK,log-explorer-perf/visual_no_shell/runs/30/app,90.0,4,5,,no `build` script,,
OK,log-explorer-perf/visual_no_shell/runs/4/app,100.0,5,5,,no `build` script,,
OK,log-explorer-perf/visual_no_shell/runs/5/app,75.0,3,5,,no `build` script,,
NO_VITE,log-explorer-perf/visual_no_shell/runs/6/app,100.0,5,5,,no `build` script,,
NO_VITE,log-explorer-perf/visual_no_shell/runs/7/app,100.0,5,5,,no `build` script,,
NO_VITE,log-explorer-perf/visual_no_shell/runs/8/app,90.0,4,5,,backend serves no static dir,,
OK,log-explorer-perf/visual_no_shell/runs/9/app,100.0,5,5,,no `build` script,,
OK,message-board/boot_check/runs/1/app,100.0,3,3,,backend serves no static dir,,
OK,message-board/boot_check/runs/11/app,100.0,3,3,,backend serves no static dir,,
OK,message-board/boot_check/runs/12/app,100.0,3,3,,backend serves no static dir,,
OK,message-board/boot_check/runs/13/app,100.0,3,3,npm run build && npm run start,OK,,
OK,message-board/boot_check/runs/14/app,100.0,3,3,,backend serves no static dir,,
OK,message-board/boot_check/runs/16/app,100.0,3,3,,no `build` script,,
OK,message-board/boot_check/runs/17/app,100.0,3,3,,backend serves no static dir,,
OK,message-board/boot_check/runs/18/app,100.0,3,3,,no `build` script,,
OK,message-board/boot_check/runs/19/app,100.0,3,3,,no `build` script,,
OK,message-board/boot_check/runs/2/app,87.5,2,3,,backend serves no static dir,,
OK,message-board/boot_check/runs/21/app,100.0,3,3,,no `build` script,,
OK,message-board/boot_check/runs/22/app,100.0,3,3,,no `build` script,,
OK,message-board/boot_check/runs/23/app,100.0,3,3,,no `build` script,,
OK,message-board/boot_check/runs/24/app,100.0,3,3,npm run build && npm run start,OK,,
OK,message-board/boot_check/runs/26/app,100.0,3,3,,no `build` script,,
OK,message-board/boot_check/runs/27/app,100.0,3,3,,no `build` script,,
OK,message-board/boot_check/runs/28/app,100.0,3,3,,backend serves no static dir,,
OK,message-board/boot_check/runs/29/app,100.0,3,3,,no `build` script,,
OK,message-board/boot_check/runs/3/app,100.0,3,3,,backend serves no static dir,,
OK,message-board/boot_check/runs/4/app,100.0,3,3,,backend serves no static dir,,
OK,message-board/boot_check/runs/6/app,100.0,3,3,,backend serves no static dir,,
OK,message-board/boot_check/runs/7/app,100.0,3,3,npm run build && npm run start,OK,,
OK,message-board/boot_check/runs/8/app,100.0,3,3,,backend serves no static dir,,
OK,message-board/boot_check/runs/9/app,100.0,3,3,npm run build && npm run start,OK,,
PROXY_NOT_LOADED,message-board/execution/runs/1/app,100.0,3,3,,backend serves no static dir,vite root='client' searches 'client/'; proxy config at 'vite.config.js' not loaded,run plain `vite`
OK,message-board/execution/runs/11/app,100.0,3,3,,backend serves no static dir,,
OK,message-board/execution/runs/12/app,100.0,3,3,,backend serves no static dir,,
OK,message-board/execution/runs/13/app,100.0,3,3,,no backend start script,,
OK,message-board/execution/runs/14/app,100.0,3,3,npm run build && npm run start,OK,,
OK,message-board/execution/runs/16/app,100.0,3,3,,no `build` script,,
OK,message-board/execution/runs/17/app,100.0,3,3,,backend serves no static dir,,
OK,message-board/execution/runs/18/app,100.0,3,3,,no `build` script,,
OK,message-board/execution/runs/19/app,100.0,3,3,,no `build` script,,
OK,message-board/execution/runs/2/app,100.0,3,3,,backend serves no static dir,,
OK,message-board/execution/runs/21/app,100.0,3,3,npm run build && npm run start,OK,,
OK,message-board/execution/runs/22/app,100.0,3,3,,backend serves no static dir,,
OK,message-board/execution/runs/23/app,100.0,3,3,,backend serves no static dir,,
OK,message-board/execution/runs/24/app,100.0,3,3,,backend serves no static dir,,
OK,message-board/execution/runs/26/app,100.0,3,3,,no `build` script,,
OK,message-board/execution/runs/27/app,100.0,3,3,,no `build` script,,
OK,message-board/execution/runs/28/app,100.0,3,3,,no `build` script,,
OK,message-board/execution/runs/29/app,100.0,3,3,,no `build` script,,
PROXY_NOT_LOADED,message-board/execution/runs/3/app,0.0,0,3,,backend serves no static dir,vite root='client' searches 'client/'; proxy config at 'vite.config.js' not loaded,run plain `vite`
OK,message-board/execution/runs/4/app,100.0,3,3,,backend serves no static dir,,
OK,message-board/execution/runs/6/app,100.0,3,3,npm run build && npm run start,OK,,
OK,message-board/execution/runs/7/app,100.0,3,3,,backend serves no static dir,,
OK,message-board/execution/runs/8/app,100.0,3,3,,backend serves no static dir,,
OK,message-board/execution/runs/9/app,100.0,3,3,,backend serves no static dir,,
OK,message-board/no_verification/runs/1/app,100.0,3,3,,backend serves no static dir,,
OK,message-board/no_verification/runs/11/app,100.0,3,3,,backend serves no static dir,,
OK,message-board/no_verification/runs/12/app,100.0,3,3,,backend serves no static dir,,
OK,message-board/no_verification/runs/13/app,100.0,3,3,,no backend start script,,
OK,message-board/no_verification/runs/14/app,100.0,3,3,,no backend start script,,
OK,message-board/no_verification/runs/16/app,50.0,2,3,,no `build` script,,
OK,message-board/no_verification/runs/17/app,50.0,2,3,,backend serves no static dir,,
OK,message-board/no_verification/runs/18/app,100.0,3,3,,backend serves no static dir,,
OK,message-board/no_verification/runs/19/app,100.0,3,3,,no `build` script,,
OK,message-board/no_verification/runs/2/app,100.0,3,3,,backend serves no static dir,,
OK,message-board/no_verification/runs/21/app,100.0,3,3,,backend serves no static dir,,
OK,message-board/no_verification/runs/22/app,100.0,3,3,,no `build` script,,
PROXY_NOT_LOADED,message-board/no_verification/runs/23/app,100.0,3,3,npm run build && npm run start,OK,vite root='client' searches 'client/'; proxy config at 'vite.config.js' not loaded,run plain `vite`
OK,message-board/no_verification/runs/24/app,100.0,3,3,npm run build && npm run start,OK,,
OK,message-board/no_verification/runs/26/app,100.0,3,3,,no `build` script,,
OK,message-board/no_verification/runs/27/app,100.0,3,3,,no `build` script,,
OK,message-board/no_verification/runs/28/app,100.0,3,3,,no `build` script,,
OK,message-board/no_verification/runs/29/app,100.0,3,3,,backend serves no static dir,,
OK,message-board/no_verification/runs/3/app,100.0,3,3,,backend serves no static dir,,
PROXY_NOT_LOADED,message-board/no_verification/runs/4/app,100.0,3,3,,backend serves no static dir,vite root='client' searches 'client/'; proxy config at 'vite.config.js' not loaded,run plain `vite`
OK,message-board/no_verification/runs/6/app,100.0,3,3,,backend serves no static dir,,
OK,message-board/no_verification/runs/7/app,100.0,3,3,npm run build && npm run start,OK,,
OK,message-board/no_verification/runs/8/app,100.0,3,3,npm run build && npm run start,OK,,
OK,message-board/no_verification/runs/9/app,100.0,3,3,,backend serves no static dir,,
OK,message-board/static/runs/1/app,100.0,3,3,,backend serves no static dir,,
OK,message-board/static/runs/11/app,100.0,3,3,,backend serves no static dir,,
OK,message-board/static/runs/12/app,100.0,3,3,,backend serves no static dir,,
OK,message-board/static/runs/13/app,100.0,3,3,,backend serves no static dir,,
OK,message-board/static/runs/14/app,100.0,3,3,,backend serves no static dir,,
OK,message-board/static/runs/16/app,50.0,2,3,,no `build` script,,
OK,message-board/static/runs/17/app,100.0,3,3,,no `build` script,,
OK,message-board/static/runs/18/app,100.0,3,3,,no `build` script,,
OK,message-board/static/runs/19/app,50.0,2,3,,no `build` script,,
OK,message-board/static/runs/2/app,100.0,3,3,,backend serves no static dir,,
OK,message-board/static/runs/21/app,100.0,3,3,,backend serves no static dir,,
PROXY_NOT_LOADED,message-board/static/runs/22/app,100.0,3,3,,backend serves no static dir,vite root='client' searches 'client/'; proxy config at 'vite.config.ts' not loaded,run plain `vite`
OK,message-board/static/runs/23/app,100.0,3,3,,backend serves no static dir,,
OK,message-board/static/runs/24/app,87.5,2,3,,backend serves no static dir,,
OK,message-board/static/runs/26/app,100.0,3,3,,no `build` script,,
OK,message-board/static/runs/27/app,100.0,3,3,,backend serves no static dir,,
OK,message-board/static/runs/28/app,100.0,3,3,,no `build` script,,
OK,message-board/static/runs/29/app,100.0,3,3,,backend serves no static dir,,
OK,message-board/static/runs/3/app,100.0,3,3,,backend serves no static dir,,
OK,message-board/static/runs/4/app,100.0,3,3,,backend serves no static dir,,
OK,message-board/static/runs/6/app,100.0,3,3,,backend serves no static dir,,
OK,message-board/static/runs/7/app,100.0,3,3,,backend serves no static dir,,
OK,message-board/static/runs/8/app,100.0,3,3,,backend serves no static dir,,
OK,message-board/static/runs/9/app,100.0,3,3,npm run build && npm run start,OK,,
OK,message-board/visual/runs/1/app,100.0,3,3,,backend serves no static dir,,
OK,message-board/visual/runs/11/app,100.0,3,3,npm run build && npm run start,OK,,
OK,message-board/visual/runs/12/app,100.0,3,3,,no backend start script,,
OK,message-board/visual/runs/13/app,100.0,3,3,npm run build && npm run start,OK,,
OK,message-board/visual/runs/14/app,100.0,3,3,npm run build && npm run start,OK,,
OK,message-board/visual/runs/16/app,100.0,3,3,,backend serves no static dir,,
OK,message-board/visual/runs/17/app,25.0,1,3,,no `build` script,,
OK,message-board/visual/runs/18/app,100.0,3,3,,no `build` script,,
OK,message-board/visual/runs/19/app,100.0,3,3,,no `build` script,,
OK,message-board/visual/runs/2/app,100.0,3,3,,build->dist != served [frontend],,
OK,message-board/visual/runs/21/app,100.0,3,3,,backend serves no static dir,,
PROXY_NOT_LOADED,message-board/visual/runs/22/app,0.0,0,3,,backend serves no static dir,vite root='client' searches 'client/'; proxy config at 'vite.config.js' not loaded,run plain `vite`
OK,message-board/visual/runs/23/app,100.0,3,3,,backend serves no static dir,,
OK,message-board/visual/runs/24/app,100.0,3,3,,backend serves no static dir,,
OK,message-board/visual/runs/26/app,100.0,3,3,,no `build` script,,
OK,message-board/visual/runs/27/app,100.0,3,3,,no `build` script,,
OK,message-board/visual/runs/28/app,100.0,3,3,,no `build` script,,
OK,message-board/visual/runs/29/app,100.0,3,3,,backend serves no static dir,,
OK,message-board/visual/runs/3/app,100.0,3,3,,no `build` script,,
OK,message-board/visual/runs/4/app,100.0,3,3,,no `build` script,,
OK,message-board/visual/runs/6/app,100.0,3,3,,backend serves no static dir,,
OK,message-board/visual/runs/7/app,100.0,3,3,,backend serves no static dir,,
OK,message-board/visual/runs/8/app,100.0,3,3,npm run build && npm run start,OK,,
OK,message-board/visual/runs/9/app,100.0,3,3,,backend serves no static dir,,
OK,metrics-dashboard/boot_check/runs/1/app,100.0,7,7,npm run build && npm run start,OK,,
OK,metrics-dashboard/boot_check/runs/11/app,100.0,7,7,,no backend start script,,
OK,metrics-dashboard/boot_check/runs/12/app,100.0,7,7,npm run build && npm run start,OK,,
OK,metrics-dashboard/boot_check/runs/13/app,100.0,7,7,,backend serves no static dir,,
OK,metrics-dashboard/boot_check/runs/14/app,100.0,7,7,npm run build && npm run start,OK,,
OK,metrics-dashboard/boot_check/runs/16/app,100.0,7,7,,no `build` script,,
OK,metrics-dashboard/boot_check/runs/17/app,0.0,0,7,,no `build` script,,
OK,metrics-dashboard/boot_check/runs/18/app,23.1,2,7,,no `build` script,,
OK,metrics-dashboard/boot_check/runs/19/app,100.0,7,7,,no `build` script,,
OK,metrics-dashboard/boot_check/runs/2/app,100.0,7,7,npm run build && npm run start,OK,,
OK,metrics-dashboard/boot_check/runs/21/app,100.0,7,7,,"build->client/dist/client != served [dist/client, client]",,
NO_VITE,metrics-dashboard/boot_check/runs/22/app,100.0,7,7,,no `build` script,,
NO_VITE,metrics-dashboard/boot_check/runs/23/app,100.0,7,7,,no `build` script,,
NO_VITE,metrics-dashboard/boot_check/runs/24/app,100.0,7,7,,no `build` script,,
OK,metrics-dashboard/boot_check/runs/26/app,76.9,6,7,,no `build` script,,
OK,metrics-dashboard/boot_check/runs/27/app,76.9,6,7,,no `build` script,,
OK,metrics-dashboard/boot_check/runs/28/app,46.2,4,7,,no `build` script,,
OK,metrics-dashboard/boot_check/runs/29/app,100.0,7,7,,no `build` script,,
OK,metrics-dashboard/boot_check/runs/3/app,100.0,7,7,npm run build && npm run start,OK,,
OK,metrics-dashboard/boot_check/runs/4/app,100.0,7,7,npm run build && npm run start,OK,,
OK,metrics-dashboard/boot_check/runs/6/app,76.9,6,7,,build->dist != served [.],,
OK,metrics-dashboard/boot_check/runs/7/app,42.3,1,7,,build->client/dist != served [client],,
OK,metrics-dashboard/boot_check/runs/8/app,100.0,7,7,npm run build && npm run start,OK,,
OK,metrics-dashboard/boot_check/runs/9/app,38.5,3,7,,`build` is not a vite build,,
OK,metrics-dashboard/execution/runs/1/app,100.0,7,7,,backend serves no static dir,,
OK,metrics-dashboard/execution/runs/11/app,100.0,7,7,npm run build && npm run start,OK,,
OK,metrics-dashboard/execution/runs/12/app,96.2,6,7,,backend serves no static dir,,
OK,metrics-dashboard/execution/runs/13/app,100.0,7,7,,no backend start script,,
OK,metrics-dashboard/execution/runs/14/app,100.0,7,7,,no backend start script,,
OK,metrics-dashboard/execution/runs/16/app,100.0,7,7,,no `build` script,,
NO_VITE,metrics-dashboard/execution/runs/17/app,100.0,7,7,,no `build` script,,
OK,metrics-dashboard/execution/runs/18/app,100.0,7,7,,no `build` script,,
OK,metrics-dashboard/execution/runs/19/app,100.0,7,7,,no `build` script,,
OK,metrics-dashboard/execution/runs/2/app,100.0,7,7,,backend serves no static dir,,
OK,metrics-dashboard/execution/runs/21/app,100.0,7,7,npm run build && npm run start,OK,,
OK,metrics-dashboard/execution/runs/22/app,100.0,7,7,npm run build && npm run start,OK,,
OK,metrics-dashboard/execution/runs/23/app,100.0,7,7,,no `build` script,,
OK,metrics-dashboard/execution/runs/24/app,100.0,7,7,,backend serves no static dir,,
OK,metrics-dashboard/execution/runs/26/app,0.0,0,7,,backend serves no static dir,,
OK,metrics-dashboard/execution/runs/27/app,100.0,7,7,,no `build` script,,
OK,metrics-dashboard/execution/runs/28/app,46.2,4,7,,no `build` script,,
OK,metrics-dashboard/execution/runs/29/app,76.9,6,7,,no `build` script,,
OK,metrics-dashboard/execution/runs/3/app,100.0,7,7,,backend serves no static dir,,
OK,metrics-dashboard/execution/runs/4/app,100.0,7,7,,backend serves no static dir,,
OK,metrics-dashboard/execution/runs/6/app,88.5,6,7,,backend serves no static dir,,
OK,metrics-dashboard/execution/runs/7/app,100.0,7,7,,build->client/dist != served [dist],,
OK,metrics-dashboard/execution/runs/8/app,100.0,7,7,,backend serves no static dir,,
OK,metrics-dashboard/execution/runs/9/app,100.0,7,7,npm run build && npm run start,OK,,
OK,metrics-dashboard/no_verification/runs/1/app,100.0,7,7,,backend serves no static dir,,
OK,metrics-dashboard/no_verification/runs/11/app,100.0,7,7,,backend serves no static dir,,
OK,metrics-dashboard/no_verification/runs/12/app,100.0,7,7,,backend serves no static dir,,
OK,metrics-dashboard/no_verification/runs/13/app,100.0,7,7,,backend serves no static dir,,
OK,metrics-dashboard/no_verification/runs/14/app,100.0,7,7,,no backend start script,,
OK,metrics-dashboard/no_verification/runs/16/app,0.0,0,7,,no `build` script,,
OK,metrics-dashboard/no_verification/runs/17/app,23.1,2,7,,no `build` script,,
OK,metrics-dashboard/no_verification/runs/18/app,0.0,0,7,,no `build` script,,
OK,metrics-dashboard/no_verification/runs/19/app,0.0,0,7,,no `build` script,,
OK,metrics-dashboard/no_verification/runs/2/app,100.0,7,7,,build->client/dist != served [dist],,
OK,metrics-dashboard/no_verification/runs/21/app,100.0,7,7,,backend serves no static dir,,
OK,metrics-dashboard/no_verification/runs/22/app,100.0,7,7,,backend serves no static dir,,
OK,metrics-dashboard/no_verification/runs/23/app,100.0,7,7,,backend serves no static dir,,
OK,metrics-dashboard/no_verification/runs/24/app,100.0,7,7,npm run build && npm run start,OK,,
OK,metrics-dashboard/no_verification/runs/26/app,76.9,6,7,,no `build` script,,
OK,metrics-dashboard/no_verification/runs/27/app,15.4,1,7,,no `build` script,,
OK,metrics-dashboard/no_verification/runs/28/app,76.9,6,7,,no `build` script,,
OK,metrics-dashboard/no_verification/runs/29/app,100.0,7,7,,no `build` script,,
OK,metrics-dashboard/no_verification/runs/3/app,50.0,2,7,,backend serves no static dir,,
OK,metrics-dashboard/no_verification/runs/4/app,100.0,7,7,,backend serves no static dir,,
OK,metrics-dashboard/no_verification/runs/6/app,0.0,0,7,,no `build` script,,
OK,metrics-dashboard/no_verification/runs/7/app,100.0,7,7,,backend serves no static dir,,
OK,metrics-dashboard/no_verification/runs/8/app,0.0,0,7,,backend serves no static dir,,
OK,metrics-dashboard/no_verification/runs/9/app,0.0,0,7,,backend serves no static dir,,
OK,metrics-dashboard/static/runs/1/app,100.0,7,7,,backend serves no static dir,,
OK,metrics-dashboard/static/runs/11/app,100.0,7,7,,backend serves no static dir,,
OK,metrics-dashboard/static/runs/12/app,100.0,7,7,npm run build && npm run start,OK,,
OK,metrics-dashboard/static/runs/13/app,100.0,7,7,npm run build && npm run start,OK,,
OK,metrics-dashboard/static/runs/14/app,100.0,7,7,,no backend start script,,
OK,metrics-dashboard/static/runs/16/app,0.0,0,7,,no `build` script,,
OK,metrics-dashboard/static/runs/17/app,0.0,0,7,,no `build` script,,
OK,metrics-dashboard/static/runs/18/app,0.0,0,7,,no `build` script,,
OK,metrics-dashboard/static/runs/19/app,0.0,0,7,,no `build` script,,
OK,metrics-dashboard/static/runs/2/app,100.0,7,7,,no backend start script,,
OK,metrics-dashboard/static/runs/21/app,0.0,0,7,npm run build && npm run start,OK,,
OK,metrics-dashboard/static/runs/22/app,0.0,0,7,,no `build` script,,
OK,metrics-dashboard/static/runs/23/app,100.0,7,7,npm run build && npm run start,OK,,
OK,metrics-dashboard/static/runs/24/app,100.0,7,7,,no `build` script,,
OK,metrics-dashboard/static/runs/26/app,100.0,7,7,,no `build` script,,
OK,metrics-dashboard/static/runs/27/app,100.0,7,7,,no `build` script,,
OK,metrics-dashboard/static/runs/28/app,0.0,0,7,,no `build` script,,
OK,metrics-dashboard/static/runs/29/app,76.9,6,7,,no `build` script,,
OK,metrics-dashboard/static/runs/3/app,100.0,7,7,,no backend start script,,
OK,metrics-dashboard/static/runs/4/app,73.1,4,7,,backend serves no static dir,,
OK,metrics-dashboard/static/runs/6/app,100.0,7,7,npm run build && npm run start,OK,,
OK,metrics-dashboard/static/runs/7/app,0.0,0,7,npm run build && npm run start,OK,,
OK,metrics-dashboard/static/runs/8/app,100.0,7,7,npm run build && npm run start,OK,,
OK,metrics-dashboard/static/runs/9/app,0.0,0,7,,backend serves no static dir,,
OK,metrics-dashboard/visual/runs/1/app,100.0,7,7,,no `build` script,,
OK,metrics-dashboard/visual/runs/11/app,100.0,7,7,,no `build` script,,
OK,metrics-dashboard/visual/runs/12/app,100.0,7,7,npm run build && npm run start,OK,,
OK,metrics-dashboard/visual/runs/13/app,100.0,7,7,npm run build && npm run start,OK,,
OK,metrics-dashboard/visual/runs/14/app,100.0,7,7,,no backend start script,,
OK,metrics-dashboard/visual/runs/16/app,46.2,4,7,,no `build` script,,
OK,metrics-dashboard/visual/runs/17/app,76.9,6,7,,no `build` script,,
OK,metrics-dashboard/visual/runs/18/app,100.0,7,7,,no `build` script,,
OK,metrics-dashboard/visual/runs/19/app,100.0,7,7,,no `build` script,,
OK,metrics-dashboard/visual/runs/2/app,100.0,7,7,,no `build` script,,
OK,metrics-dashboard/visual/runs/21/app,100.0,7,7,,no `build` script,,
OK,metrics-dashboard/visual/runs/22/app,100.0,7,7,,no `build` script,,
OK,metrics-dashboard/visual/runs/23/app,100.0,7,7,npm run build && npm run start,OK,,
OK,metrics-dashboard/visual/runs/24/app,100.0,7,7,,no `build` script,,
OK,metrics-dashboard/visual/runs/26/app,100.0,7,7,,no `build` script,,
OK,metrics-dashboard/visual/runs/27/app,65.4,3,7,,no `build` script,,
OK,metrics-dashboard/visual/runs/28/app,100.0,7,7,,no `build` script,,
OK,metrics-dashboard/visual/runs/29/app,100.0,7,7,,no `build` script,,
OK,metrics-dashboard/visual/runs/3/app,100.0,7,7,npm run build && npm run start,OK,,
OK,metrics-dashboard/visual/runs/4/app,88.5,6,7,,no `build` script,,
OK,metrics-dashboard/visual/runs/6/app,100.0,7,7,npm run build && npm run start,OK,,
OK,metrics-dashboard/visual/runs/7/app,100.0,7,7,,backend serves no static dir,,
OK,metrics-dashboard/visual/runs/8/app,100.0,7,7,npm run build && npm run start,OK,,
OK,metrics-dashboard/visual/runs/9/app,100.0,7,7,,backend serves no static dir,,
OK,metrics-dashboard/visual_no_shell/runs/1/app,100.0,7,7,,no `build` script,,
NO_VITE,metrics-dashboard/visual_no_shell/runs/10/app,100.0,7,7,,build->&&/dist != served [public],,
OK,metrics-dashboard/visual_no_shell/runs/11/app,100.0,7,7,,no backend start script,,
OK,metrics-dashboard/visual_no_shell/runs/12/app,100.0,7,7,,no `build` script,,
OK,metrics-dashboard/visual_no_shell/runs/13/app,100.0,7,7,,no `build` script,,
OK,metrics-dashboard/visual_no_shell/runs/14/app,100.0,7,7,,no `build` script,,
OK,metrics-dashboard/visual_no_shell/runs/15/app,100.0,7,7,,no `build` script,,
OK,metrics-dashboard/visual_no_shell/runs/16/app,100.0,7,7,,no `build` script,,
OK,metrics-dashboard/visual_no_shell/runs/17/app,100.0,7,7,,no `build` script,,
OK,metrics-dashboard/visual_no_shell/runs/18/app,100.0,7,7,,no `build` script,,
NO_VITE,metrics-dashboard/visual_no_shell/runs/19/app,100.0,7,7,,no `build` script,,
PROXY_NOT_LOADED,metrics-dashboard/visual_no_shell/runs/2/app,23.1,2,7,,backend serves no static dir,vite root='client' searches 'client/'; proxy config at 'vite.config.js' not loaded,run plain `vite`
OK,metrics-dashboard/visual_no_shell/runs/20/app,100.0,7,7,,no `build` script,,
OK,metrics-dashboard/visual_no_shell/runs/21/app,100.0,7,7,,no `build` script,,
OK,metrics-dashboard/visual_no_shell/runs/22/app,100.0,7,7,,no `build` script,,
OK,metrics-dashboard/visual_no_shell/runs/23/app,100.0,7,7,,no `build` script,,
OK,metrics-dashboard/visual_no_shell/runs/24/app,100.0,7,7,,no `build` script,,
OK,metrics-dashboard/visual_no_shell/runs/25/app,100.0,7,7,,no `build` script,,
OK,metrics-dashboard/visual_no_shell/runs/26/app,100.0,7,7,,no `build` script,,
OK,metrics-dashboard/visual_no_shell/runs/27/app,100.0,7,7,,no `build` script,,
OK,metrics-dashboard/visual_no_shell/runs/28/app,88.5,6,7,,no `build` script,,
OK,metrics-dashboard/visual_no_shell/runs/29/app,76.9,6,7,,no `build` script,,
OK,metrics-dashboard/visual_no_shell/runs/3/app,100.0,7,7,,no `build` script,,
OK,metrics-dashboard/visual_no_shell/runs/30/app,76.9,6,7,,no `build` script,,
OK,metrics-dashboard/visual_no_shell/runs/4/app,100.0,7,7,,backend serves no static dir,,
OK,metrics-dashboard/visual_no_shell/runs/5/app,100.0,7,7,,backend serves no static dir,,
NO_VITE,metrics-dashboard/visual_no_shell/runs/6/app,100.0,7,7,,build->dist != served [.],,
NO_VITE,metrics-dashboard/visual_no_shell/runs/7/app,100.0,7,7,,no `build` script,,
NO_VITE,metrics-dashboard/visual_no_shell/runs/8/app,88.5,6,7,npm run build && npm run start,OK,,
NO_PROXY_CONFIG,metrics-dashboard/visual_no_shell/runs/9/app,100.0,7,7,,no `build` script,"relative /api, no proxy config loads; backend:3000",VITE_API_BASE=http://localhost:3000 (needs backend CORS)
OK,seat-booking/behavioral/runs/1/app,10.0,0,5,,backend serves no static dir,,
OK,seat-booking/behavioral/runs/11/app,100.0,5,5,,backend serves no static dir,,
OK,seat-booking/behavioral/runs/12/app,100.0,5,5,,backend serves no static dir,,
OK,seat-booking/behavioral/runs/13/app,90.0,4,5,,backend serves no static dir,,
OK,seat-booking/behavioral/runs/14/app,100.0,5,5,npm run build && npm run start,OK,,
OK,seat-booking/behavioral/runs/16/app,100.0,5,5,,no `build` script,,
OK,seat-booking/behavioral/runs/17/app,100.0,5,5,,no `build` script,,
OK,seat-booking/behavioral/runs/18/app,0.0,0,5,,no `build` script,,
OK,seat-booking/behavioral/runs/19/app,0.0,0,5,,no `build` script,,
OK,seat-booking/behavioral/runs/2/app,100.0,5,5,,backend serves no static dir,,
OK,seat-booking/behavioral/runs/21/app,90.0,4,5,,no `build` script,,
OK,seat-booking/behavioral/runs/22/app,100.0,5,5,,no `build` script,,
PROXY_NOT_LOADED,seat-booking/behavioral/runs/23/app,100.0,5,5,,no `build` script,vite root='frontend' searches 'frontend/'; proxy config at 'vite.config.js' not loaded,run plain `vite`
OK,seat-booking/behavioral/runs/24/app,100.0,5,5,,no `build` script,,
OK,seat-booking/behavioral/runs/26/app,0.0,0,5,,no `build` script,,
OK,seat-booking/behavioral/runs/27/app,90.0,4,5,,no `build` script,,
NO_VITE,seat-booking/behavioral/runs/28/app,100.0,5,5,,no `build` script,,
OK,seat-booking/behavioral/runs/29/app,90.0,4,5,,no `build` script,,
OK,seat-booking/behavioral/runs/3/app,20.0,1,5,,backend serves no static dir,,
OK,seat-booking/behavioral/runs/4/app,100.0,5,5,,no `build` script,,
OK,seat-booking/behavioral/runs/6/app,100.0,5,5,,backend serves no static dir,,
OK,seat-booking/behavioral/runs/7/app,100.0,5,5,,no `build` script,,
OK,seat-booking/behavioral/runs/8/app,100.0,5,5,,no `build` script,,
OK,seat-booking/behavioral/runs/9/app,0.0,0,5,npm run build && npm run start,OK,,
OK,seat-booking/boot_check/runs/1/app,0.0,0,5,,backend serves no static dir,,
OK,seat-booking/boot_check/runs/10/app,100.0,5,5,npm run build && npm run start,OK,,
OK,seat-booking/boot_check/runs/11/app,100.0,5,5,,backend serves no static dir,,
OK,seat-booking/boot_check/runs/12/app,100.0,5,5,npm run build && npm run start,OK,,
OK,seat-booking/boot_check/runs/13/app,100.0,5,5,npm run build && npm run start,OK,,
OK,seat-booking/boot_check/runs/14/app,100.0,5,5,npm run build && npm run start,OK,,
OK,seat-booking/boot_check/runs/15/app,100.0,5,5,npm run build && npm run start,OK,,
OK,seat-booking/boot_check/runs/16/app,100.0,5,5,,no `build` script,,
OK,seat-booking/boot_check/runs/17/app,0.0,0,5,,no `build` script,,
OK,seat-booking/boot_check/runs/18/app,10.0,0,5,,no `build` script,,
OK,seat-booking/boot_check/runs/19/app,10.0,0,5,,no `build` script,,
OK,seat-booking/boot_check/runs/2/app,100.0,5,5,,backend serves no static dir,,
OK,seat-booking/boot_check/runs/20/app,10.0,0,5,,no `build` script,,
OK,seat-booking/boot_check/runs/21/app,100.0,5,5,,no `build` script,,
PROXY_NOT_LOADED,seat-booking/boot_check/runs/22/app,100.0,5,5,,no `build` script,vite root='frontend' searches 'frontend/'; proxy config at 'vite.config.js' not loaded,run plain `vite`
PROXY_NOT_LOADED,seat-booking/boot_check/runs/23/app,100.0,5,5,,no `build` script,vite root='frontend' searches 'frontend/'; proxy config at 'vite.config.js' not loaded,run plain `vite`
PROXY_NOT_LOADED,seat-booking/boot_check/runs/24/app,100.0,5,5,,build->client/dist != served [dist/client],vite root='client' searches 'client/'; proxy config at 'vite.config.js' not loaded,run plain `vite`
PROXY_NOT_LOADED,seat-booking/boot_check/runs/25/app,100.0,5,5,,no `build` script,vite root='frontend' searches 'frontend/'; proxy config at 'vite.config.js' not loaded,run plain `vite`
OK,seat-booking/boot_check/runs/26/app,100.0,5,5,,no `build` script,,
OK,seat-booking/boot_check/runs/27/app,100.0,5,5,,no `build` script,,
OK,seat-booking/boot_check/runs/28/app,100.0,5,5,,no `build` script,,
OK,seat-booking/boot_check/runs/29/app,100.0,5,5,,no `build` script,,
OK,seat-booking/boot_check/runs/3/app,90.0,4,5,,backend serves no static dir,,
OK,seat-booking/boot_check/runs/30/app,100.0,5,5,,no `build` script,,
OK,seat-booking/boot_check/runs/4/app,10.0,0,5,,no `build` script,,
OK,seat-booking/boot_check/runs/5/app,100.0,5,5,,backend serves no static dir,,
NO_PROXY_CONFIG,seat-booking/boot_check/runs/6/app,100.0,5,5,,no `build` script,"relative /api, no proxy config loads; backend:3000",VITE_API_BASE=http://localhost:3000 (needs backend CORS)
OK,seat-booking/boot_check/runs/7/app,100.0,5,5,npm run build && npm run start,OK,,
OK,seat-booking/boot_check/runs/8/app,100.0,5,5,,no `build` script,,
OK,seat-booking/boot_check/runs/9/app,100.0,5,5,,no `build` script,,
OK,seat-booking/delayed_verification/runs/1/app,90.0,4,5,,backend serves no static dir,,
OK,seat-booking/delayed_verification/runs/10/app,100.0,5,5,,backend serves no static dir,,
OK,seat-booking/delayed_verification/runs/11/app,100.0,5,5,,backend serves no static dir,,
OK,seat-booking/delayed_verification/runs/12/app,100.0,5,5,,backend serves no static dir,,
OK,seat-booking/delayed_verification/runs/13/app,100.0,5,5,,backend serves no static dir,,
OK,seat-booking/delayed_verification/runs/14/app,100.0,5,5,,backend serves no static dir,,
OK,seat-booking/delayed_verification/runs/15/app,90.0,4,5,,backend serves no static dir,,
OK,seat-booking/delayed_verification/runs/16/app,100.0,5,5,,no `build` script,,
OK,seat-booking/delayed_verification/runs/17/app,100.0,4,4,,no `build` script,,
OK,seat-booking/delayed_verification/runs/18/app,100.0,5,5,,no `build` script,,
OK,seat-booking/delayed_verification/runs/19/app,100.0,5,5,,no `build` script,,
OK,seat-booking/delayed_verification/runs/2/app,100.0,5,5,,backend serves no static dir,,
OK,seat-booking/delayed_verification/runs/20/app,100.0,4,4,,no `build` script,,
OK,seat-booking/delayed_verification/runs/21/app,100.0,5,5,,no `build` script,,
OK,seat-booking/delayed_verification/runs/22/app,100.0,5,5,,no `build` script,,
OK,seat-booking/delayed_verification/runs/23/app,100.0,5,5,,no `build` script,,
OK,seat-booking/delayed_verification/runs/24/app,100.0,5,5,,no `build` script,,
OK,seat-booking/delayed_verification/runs/25/app,100.0,5,5,,no `build` script,,
OK,seat-booking/delayed_verification/runs/26/app,90.0,4,5,,no `build` script,,
OK,seat-booking/delayed_verification/runs/27/app,80.0,4,5,,no `build` script,,
OK,seat-booking/delayed_verification/runs/28/app,100.0,5,5,,no `build` script,,
OK,seat-booking/delayed_verification/runs/29/app,90.0,4,5,,no `build` script,,
OK,seat-booking/delayed_verification/runs/3/app,100.0,5,5,npm run build && npm run start,OK,,
OK,seat-booking/delayed_verification/runs/30/app,100.0,5,5,,no `build` script,,
OK,seat-booking/delayed_verification/runs/4/app,100.0,4,4,,no backend start script,,
OK,seat-booking/delayed_verification/runs/5/app,100.0,5,5,,backend serves no static dir,,
OK,seat-booking/delayed_verification/runs/6/app,100.0,5,5,,backend serves no static dir,,
OK,seat-booking/delayed_verification/runs/7/app,100.0,5,5,,backend serves no static dir,,
OK,seat-booking/delayed_verification/runs/8/app,100.0,5,5,,backend serves no static dir,,
OK,seat-booking/delayed_verification/runs/9/app,100.0,5,5,npm run build && npm run start,OK,,
OK,seat-booking/execution/runs/1/app,100.0,5,5,,backend serves no static dir,,
OK,seat-booking/execution/runs/10/app,100.0,5,5,,no `build` script,,
OK,seat-booking/execution/runs/11/app,100.0,5,5,npm run build && npm run start,OK,,
OK,seat-booking/execution/runs/12/app,100.0,5,5,,backend serves no static dir,,
OK,seat-booking/execution/runs/13/app,100.0,5,5,,backend serves no static dir,,
OK,seat-booking/execution/runs/14/app,100.0,5,5,,backend serves no static dir,,
OK,seat-booking/execution/runs/15/app,90.0,4,5,,backend serves no static dir,,
OK,seat-booking/execution/runs/16/app,100.0,5,5,,no `build` script,,
OK,seat-booking/execution/runs/17/app,100.0,5,5,,no `build` script,,
OK,seat-booking/execution/runs/18/app,90.0,4,5,,no `build` script,,
OK,seat-booking/execution/runs/19/app,90.0,4,5,,no `build` script,,
OK,seat-booking/execution/runs/2/app,90.0,4,5,,no `build` script,,
OK,seat-booking/execution/runs/20/app,100.0,5,5,,no `build` script,,
OK,seat-booking/execution/runs/21/app,100.0,5,5,,no `build` script,,
OK,seat-booking/execution/runs/22/app,100.0,5,5,,no `build` script,,
OK,seat-booking/execution/runs/23/app,100.0,5,5,,no `build` script,,
OK,seat-booking/execution/runs/24/app,100.0,5,5,,no `build` script,,
PROXY_NOT_LOADED,seat-booking/execution/runs/25/app,100.0,5,5,,backend serves no static dir,vite root='frontend' searches 'frontend/'; proxy config at 'vite.config.js' not loaded,run plain `vite`
OK,seat-booking/execution/runs/26/app,90.0,4,5,,no `build` script,,
OK,seat-booking/execution/runs/27/app,100.0,5,5,,no `build` script,,
OK,seat-booking/execution/runs/28/app,10.0,0,5,,no `build` script,,
OK,seat-booking/execution/runs/29/app,100.0,5,5,,no `build` script,,
OK,seat-booking/execution/runs/3/app,100.0,5,5,,backend serves no static dir,,
OK,seat-booking/execution/runs/30/app,90.0,4,5,,no `build` script,,
OK,seat-booking/execution/runs/4/app,100.0,5,5,,backend serves no static dir,,
OK,seat-booking/execution/runs/5/app,100.0,5,5,,no `build` script,,
OK,seat-booking/execution/runs/6/app,100.0,5,5,npm run build && npm run start,OK,,
OK,seat-booking/execution/runs/7/app,100.0,5,5,,backend serves no static dir,,
OK,seat-booking/execution/runs/8/app,100.0,5,5,,no `build` script,,
OK,seat-booking/execution/runs/9/app,100.0,5,5,npm run build && npm run start,OK,,
OK,seat-booking/no_verification/runs/1/app,90.0,4,5,,backend serves no static dir,,
OK,seat-booking/no_verification/runs/10/app,0.0,0,5,,backend serves no static dir,,
OK,seat-booking/no_verification/runs/11/app,100.0,5,5,,backend serves no static dir,,
OK,seat-booking/no_verification/runs/12/app,100.0,5,5,,backend serves no static dir,,
OK,seat-booking/no_verification/runs/13/app,100.0,5,5,,backend serves no static dir,,
OK,seat-booking/no_verification/runs/14/app,100.0,5,5,,backend serves no static dir,,
OK,seat-booking/no_verification/runs/15/app,100.0,5,5,,backend serves no static dir,,
OK,seat-booking/no_verification/runs/16/app,0.0,0,5,,no `build` script,,
OK,seat-booking/no_verification/runs/17/app,0.0,0,5,,no `build` script,,
OK,seat-booking/no_verification/runs/18/app,0.0,0,5,,no `build` script,,
OK,seat-booking/no_verification/runs/19/app,0.0,0,5,,no `build` script,,
OK,seat-booking/no_verification/runs/2/app,100.0,5,5,,backend serves no static dir,,
OK,seat-booking/no_verification/runs/20/app,100.0,4,4,,no `build` script,,
OK,seat-booking/no_verification/runs/21/app,100.0,5,5,,no `build` script,,
OK,seat-booking/no_verification/runs/22/app,100.0,5,5,,no `build` script,,
OK,seat-booking/no_verification/runs/23/app,10.0,0,5,,no `build` script,,
OK,seat-booking/no_verification/runs/24/app,100.0,5,5,,no `build` script,,
OK,seat-booking/no_verification/runs/25/app,90.0,4,5,,no `build` script,,
OK,seat-booking/no_verification/runs/26/app,100.0,5,5,,no `build` script,,
OK,seat-booking/no_verification/runs/27/app,0.0,0,5,,backend serves no static dir,,
OK,seat-booking/no_verification/runs/28/app,100.0,5,5,,no `build` script,,
OK,seat-booking/no_verification/runs/29/app,100.0,5,5,,no `build` script,,
OK,seat-booking/no_verification/runs/3/app,10.0,0,5,,backend serves no static dir,,
OK,seat-booking/no_verification/runs/30/app,100.0,5,5,,no `build` script,,
OK,seat-booking/no_verification/runs/4/app,90.0,4,5,,backend serves no static dir,,
OK,seat-booking/no_verification/runs/5/app,100.0,5,5,npm run build && npm run start,OK,,
OK,seat-booking/no_verification/runs/6/app,100.0,5,5,npm run build && npm run start,OK,,
OK,seat-booking/no_verification/runs/7/app,100.0,5,5,,no `build` script,,
OK,seat-booking/no_verification/runs/8/app,100.0,5,5,,backend serves no static dir,,
OK,seat-booking/no_verification/runs/9/app,100.0,5,5,npm run build && npm run start,OK,,
OK,seat-booking/static/runs/1/app,100.0,5,5,,no backend start script,,
OK,seat-booking/static/runs/10/app,100.0,5,5,npm run build && npm run start,OK,,
OK,seat-booking/static/runs/11/app,100.0,5,5,,backend serves no static dir,,
OK,seat-booking/static/runs/12/app,80.0,4,5,,backend serves no static dir,,
OK,seat-booking/static/runs/13/app,100.0,5,5,,backend serves no static dir,,
OK,seat-booking/static/runs/14/app,10.0,0,5,,backend serves no static dir,,
OK,seat-booking/static/runs/15/app,100.0,5,5,,backend serves no static dir,,
OK,seat-booking/static/runs/16/app,0.0,0,5,,no `build` script,,
OK,seat-booking/static/runs/17/app,0.0,0,5,,no `build` script,,
OK,seat-booking/static/runs/18/app,0.0,0,5,,no `build` script,,
OK,seat-booking/static/runs/19/app,100.0,5,5,,backend serves no static dir,,
OK,seat-booking/static/runs/2/app,100.0,5,5,,backend serves no static dir,,
OK,seat-booking/static/runs/20/app,0.0,0,5,,no `build` script,,
OK,seat-booking/static/runs/21/app,100.0,5,5,,backend serves no static dir,,
OK,seat-booking/static/runs/22/app,100.0,5,5,,backend serves no static dir,,
OK,seat-booking/static/runs/23/app,100.0,5,5,npm run build && npm run start,OK,,
OK,seat-booking/static/runs/24/app,100.0,5,5,npm run build && npm run start,OK,,
OK,seat-booking/static/runs/25/app,100.0,5,5,,backend serves no static dir,,
OK,seat-booking/static/runs/26/app,100.0,5,5,,no `build` script,,
OK,seat-booking/static/runs/27/app,100.0,5,5,,backend serves no static dir,,
OK,seat-booking/static/runs/28/app,10.0,0,5,,no `build` script,,
OK,seat-booking/static/runs/29/app,100.0,5,5,,no `build` script,,
OK,seat-booking/static/runs/3/app,100.0,5,5,,backend serves no static dir,,
OK,seat-booking/static/runs/30/app,100.0,5,5,,no `build` script,,
OK,seat-booking/static/runs/4/app,100.0,5,5,,backend serves no static dir,,
OK,seat-booking/static/runs/5/app,100.0,5,5,,backend serves no static dir,,
OK,seat-booking/static/runs/6/app,100.0,5,5,npm run build && npm run start,OK,,
OK,seat-booking/static/runs/7/app,100.0,5,5,,build->client/client/dist != served [client/dist],,
OK,seat-booking/static/runs/8/app,100.0,5,5,,backend serves no static dir,,
OK,seat-booking/static/runs/9/app,100.0,5,5,npm run build && npm run start,OK,,
OK,seat-booking/visual/runs/1/app,100.0,5,5,,no `build` script,,
OK,seat-booking/visual/runs/11/app,100.0,5,5,npm run build && npm run start,OK,,
OK,seat-booking/visual/runs/12/app,100.0,5,5,,backend serves no static dir,,
OK,seat-booking/visual/runs/13/app,100.0,5,5,,backend serves no static dir,,
OK,seat-booking/visual/runs/14/app,100.0,5,5,,build->frontend/dist != served [dist],,
OK,seat-booking/visual/runs/16/app,100.0,5,5,,no `build` script,,
OK,seat-booking/visual/runs/17/app,100.0,5,5,,no `build` script,,
OK,seat-booking/visual/runs/18/app,100.0,5,5,,no `build` script,,
OK,seat-booking/visual/runs/19/app,100.0,5,5,,no `build` script,,
OK,seat-booking/visual/runs/2/app,100.0,5,5,,no `build` script,,
OK,seat-booking/visual/runs/21/app,100.0,5,5,,no `build` script,,
OK,seat-booking/visual/runs/22/app,100.0,5,5,,no `build` script,,
OK,seat-booking/visual/runs/23/app,100.0,5,5,npm run build && npm run start,OK,,
PROXY_NOT_LOADED,seat-booking/visual/runs/24/app,100.0,5,5,,no backend start script,vite root='frontend' searches 'frontend/'; proxy config at 'vite.config.js' not loaded,run plain `vite`
OK,seat-booking/visual/runs/26/app,0.0,0,5,,no `build` script,,
OK,seat-booking/visual/runs/27/app,0.0,0,5,,no `build` script,,
OK,seat-booking/visual/runs/28/app,100.0,5,5,,no `build` script,,
OK,seat-booking/visual/runs/29/app,100.0,5,5,,no `build` script,,
PORT_MISMATCH,seat-booking/visual/runs/3/app,100.0,5,5,,no `build` script,proxy->:3002 but backend->:3001,PORT=3002 npm run dev
OK,seat-booking/visual/runs/4/app,100.0,5,5,,no `build` script,,
OK,seat-booking/visual/runs/6/app,100.0,5,5,,backend serves no static dir,,
OK,seat-booking/visual/runs/7/app,100.0,5,5,npm run build && npm run start,OK,,
OK,seat-booking/visual/runs/8/app,100.0,5,5,npm run build && npm run start,OK,,
OK,seat-booking/visual/runs/9/app,100.0,5,5,,backend serves no static dir,,
