run,hazard_class,detail
calendar-week-view/boot_check/runs/11,A_proxy_swallows_api_js,vite.config.js
calendar-week-view/boot_check/runs/21,B_positional_root_skips_config,dev:frontend: vite client --port 5173
calendar-week-view/boot_check/runs/22,B_positional_root_skips_config,dev:frontend: vite client
calendar-week-view/execution/runs/11,A_proxy_swallows_api_js,vite.config.js
calendar-week-view/execution/runs/12,A_proxy_swallows_api_js,vite.config.js
calendar-week-view/execution/runs/22,A_proxy_swallows_api_js,vite.config.js
calendar-week-view/static/runs/17,A_proxy_swallows_api_js,frontend/vite.config.js
calendar-week-view/visual/runs/1,A_proxy_swallows_api_js,client/vite.config.js
calendar-week-view/visual/runs/14,A_proxy_swallows_api_js,vite.config.js
calendar-week-view/visual/runs/3,A_proxy_swallows_api_js,frontend/vite.config.js
calendar-week-view/visual_no_shell/runs/2,A_proxy_swallows_api_js,vite.config.js
kanban-board/boot_check/runs/15,A_proxy_swallows_api_js,vite.config.js
kanban-board/delayed_verification/runs/7,B_positional_root_skips_config,dev:client: vite client --host 0.0.0.0
kanban-board/execution/runs/12,A_proxy_swallows_api_js,vite.config.js
kanban-board/execution/runs/13,A_proxy_swallows_api_js,vite.config.js
kanban-board/execution/runs/15,A_proxy_swallows_api_js,vite.config.js
kanban-board/execution/runs/22,B_positional_root_skips_config,dev:client: vite client
kanban-board/no_verification/runs/22,B_positional_root_skips_config,dev:client: vite client
kanban-board/static/runs/12,A_proxy_swallows_api_js,vite.config.js
kanban-board/static/runs/13,A_proxy_swallows_api_js,vite.config.js
kanban-board/static/runs/14,A_proxy_swallows_api_js,vite.config.js
kanban-board/static/runs/15,A_proxy_swallows_api_js,vite.config.js
kanban-board/static/runs/21,B_positional_root_skips_config,dev:frontend: vite client
kanban-board/static/runs/22,B_positional_root_skips_config,dev:frontend: vite client
kanban-board/static/runs/23,A_proxy_swallows_api_js,client/vite.config.js
kanban-board/visual/runs/11,A_proxy_swallows_api_js,vite.config.js
kanban-board/visual/runs/12,A_proxy_swallows_api_js,vite.config.js
message-board/execution/runs/1,B_positional_root_skips_config,dev:frontend: vite client --port 5173
message-board/execution/runs/21,B_positional_root_skips_config,dev:frontend: vite client
message-board/execution/runs/22,B_positional_root_skips_config,dev:frontend: vite client
message-board/execution/runs/24,B_positional_root_skips_config,dev:frontend: vite client
message-board/execution/runs/3,B_positional_root_skips_config,dev:frontend: vite client --port 5173
message-board/no_verification/runs/21,B_positional_root_skips_config,dev:client: vite client
message-board/no_verification/runs/23,B_positional_root_skips_config,dev:client: vite client
message-board/no_verification/runs/4,B_positional_root_skips_config,dev:frontend: vite client --port 5173
message-board/static/runs/22,B_positional_root_skips_config,dev:frontend: vite client
message-board/static/runs/23,B_positional_root_skips_config,dev:client: vite client
message-board/static/runs/24,B_positional_root_skips_config,dev:client: vite client
message-board/visual/runs/21,B_positional_root_skips_config,dev:client: vite client
message-board/visual/runs/22,B_positional_root_skips_config,dev:client: vite client
message-board/visual/runs/24,B_positional_root_skips_config,dev:client: vite client
message-board/visual/runs/4,B_positional_root_skips_config,dev:frontend: vite frontend --port 5173
metrics-dashboard/boot_check/runs/16,B_positional_root_skips_config,client: vite client --port 3000
metrics-dashboard/visual_no_shell/runs/2,B_positional_root_skips_config,client: vite client --port 5173
seat-booking/behavioral/runs/23,B_positional_root_skips_config,dev:frontend: vite frontend
seat-booking/boot_check/runs/22,B_positional_root_skips_config,dev:frontend: vite frontend
seat-booking/boot_check/runs/23,B_positional_root_skips_config,dev:frontend: vite frontend
seat-booking/boot_check/runs/24,B_positional_root_skips_config,dev:frontend: vite client
seat-booking/boot_check/runs/25,B_positional_root_skips_config,dev:frontend: vite frontend
seat-booking/execution/runs/25,B_positional_root_skips_config,dev:frontend: vite frontend
seat-booking/static/runs/17,B_positional_root_skips_config,dev: vite frontend --port 5173
seat-booking/visual/runs/24,B_positional_root_skips_config,dev:frontend: vite frontend
