condition,run_id,kept,modified,deleted,added,churn,verdict
boot_check,1,3,3,0,2,0.5,EXTENDED
boot_check,10,3,3,0,2,0.5,EXTENDED
boot_check,11,3,3,0,2,0.5,EXTENDED
boot_check,12,3,3,0,2,0.5,EXTENDED
boot_check,13,3,3,0,2,0.5,EXTENDED
boot_check,14,3,3,0,2,0.5,EXTENDED
boot_check,15,3,3,0,1,0.5,EXTENDED
boot_check,16,3,3,0,8,0.5,EXTENDED
boot_check,17,3,3,0,5,0.5,EXTENDED
boot_check,18,3,3,0,2,0.5,EXTENDED
boot_check,19,3,3,0,3,0.5,EXTENDED
boot_check,2,3,3,0,1,0.5,EXTENDED
boot_check,20,3,3,0,10,0.5,EXTENDED
boot_check,21,3,3,0,1,0.5,EXTENDED
boot_check,22,3,3,0,1,0.5,EXTENDED
boot_check,23,3,3,0,1,0.5,EXTENDED
boot_check,24,3,3,0,1,0.5,EXTENDED
boot_check,25,3,3,0,1,0.5,EXTENDED
boot_check,26,3,3,0,1,0.5,EXTENDED
boot_check,27,3,3,0,1,0.5,EXTENDED
boot_check,28,3,3,0,1,0.5,EXTENDED
boot_check,29,3,3,0,1,0.5,EXTENDED
boot_check,3,3,3,0,1,0.5,EXTENDED
boot_check,30,3,3,0,1,0.5,EXTENDED
boot_check,4,3,3,0,1,0.5,EXTENDED
boot_check,5,3,3,0,1,0.5,EXTENDED
boot_check,6,3,3,0,1,0.5,EXTENDED
boot_check,7,3,3,0,1,0.5,EXTENDED
boot_check,8,3,3,0,1,0.5,EXTENDED
boot_check,9,3,3,0,1,0.5,EXTENDED
execution,1,3,3,0,1,0.5,EXTENDED
execution,10,3,3,0,1,0.5,EXTENDED
execution,11,3,3,0,1,0.5,EXTENDED
execution,12,3,3,0,1,0.5,EXTENDED
execution,13,3,3,0,1,0.5,EXTENDED
execution,14,3,3,0,1,0.5,EXTENDED
execution,15,3,3,0,1,0.5,EXTENDED
execution,16,3,3,0,7,0.5,EXTENDED
execution,17,3,3,0,5,0.5,EXTENDED
execution,18,3,3,0,6,0.5,EXTENDED
execution,19,3,3,0,7,0.5,EXTENDED
execution,2,3,3,0,1,0.5,EXTENDED
execution,20,3,3,0,3,0.5,EXTENDED
execution,21,3,3,0,1,0.5,EXTENDED
execution,22,3,3,0,1,0.5,EXTENDED
execution,23,3,3,0,1,0.5,EXTENDED
execution,24,3,3,0,1,0.5,EXTENDED
execution,25,3,3,0,1,0.5,EXTENDED
execution,26,3,3,0,1,0.5,EXTENDED
execution,27,3,3,0,1,0.5,EXTENDED
execution,28,3,3,0,1,0.5,EXTENDED
execution,29,3,3,0,1,0.5,EXTENDED
execution,3,3,3,0,1,0.5,EXTENDED
execution,30,3,3,0,1,0.5,EXTENDED
execution,4,3,3,0,1,0.5,EXTENDED
execution,5,3,3,0,1,0.5,EXTENDED
execution,6,3,3,0,1,0.5,EXTENDED
execution,7,3,3,0,1,0.5,EXTENDED
execution,8,3,3,0,1,0.5,EXTENDED
execution,9,3,3,0,1,0.5,EXTENDED
no_verification,1,3,3,0,1,0.5,EXTENDED
no_verification,10,3,3,0,1,0.5,EXTENDED
no_verification,11,3,3,0,1,0.5,EXTENDED
no_verification,12,3,3,0,1,0.5,EXTENDED
no_verification,13,3,3,0,1,0.5,EXTENDED
no_verification,14,3,3,0,1,0.5,EXTENDED
no_verification,15,3,3,0,1,0.5,EXTENDED
no_verification,16,3,3,0,2,0.5,EXTENDED
no_verification,17,3,3,0,5,0.5,EXTENDED
no_verification,18,3,3,0,3,0.5,EXTENDED
no_verification,19,3,3,0,2,0.5,EXTENDED
no_verification,2,3,3,0,1,0.5,EXTENDED
no_verification,20,3,3,0,2,0.5,EXTENDED
no_verification,21,3,3,0,1,0.5,EXTENDED
no_verification,22,3,3,0,1,0.5,EXTENDED
no_verification,23,3,3,0,1,0.5,EXTENDED
no_verification,24,3,3,0,1,0.5,EXTENDED
no_verification,25,3,3,0,1,0.5,EXTENDED
no_verification,26,3,3,0,1,0.5,EXTENDED
no_verification,27,3,3,0,1,0.5,EXTENDED
no_verification,28,3,3,0,1,0.5,EXTENDED
no_verification,29,3,3,0,1,0.5,EXTENDED
no_verification,3,3,3,0,1,0.5,EXTENDED
no_verification,30,3,3,0,1,0.5,EXTENDED
no_verification,4,3,3,0,1,0.5,EXTENDED
no_verification,5,3,3,0,1,0.5,EXTENDED
no_verification,6,3,3,0,1,0.5,EXTENDED
no_verification,7,3,3,0,1,0.5,EXTENDED
no_verification,8,3,3,0,1,0.5,EXTENDED
no_verification,9,3,3,0,1,0.5,EXTENDED
static,1,3,3,0,1,0.5,EXTENDED
static,10,3,3,0,1,0.5,EXTENDED
static,11,3,3,0,1,0.5,EXTENDED
static,12,3,3,0,1,0.5,EXTENDED
static,13,3,3,0,1,0.5,EXTENDED
static,14,3,3,0,1,0.5,EXTENDED
static,15,3,3,0,1,0.5,EXTENDED
static,16,2,4,0,9,0.667,REWROTE
static,17,3,3,0,3,0.5,EXTENDED
static,18,3,3,0,1,0.5,EXTENDED
static,19,2,4,0,19,0.667,REWROTE
static,2,3,3,0,1,0.5,EXTENDED
static,20,2,4,0,13,0.667,REWROTE
static,21,3,3,0,1,0.5,EXTENDED
static,22,3,3,0,1,0.5,EXTENDED
static,23,3,3,0,1,0.5,EXTENDED
static,24,3,3,0,1,0.5,EXTENDED
static,25,3,3,0,1,0.5,EXTENDED
static,26,3,3,0,1,0.5,EXTENDED
static,27,3,3,0,1,0.5,EXTENDED
static,28,3,3,0,1,0.5,EXTENDED
static,29,3,3,0,1,0.5,EXTENDED
static,3,3,3,0,1,0.5,EXTENDED
static,30,3,3,0,1,0.5,EXTENDED
static,4,3,3,0,1,0.5,EXTENDED
static,5,3,3,0,1,0.5,EXTENDED
static,6,3,3,0,1,0.5,EXTENDED
static,7,3,3,0,1,0.5,EXTENDED
static,8,3,3,0,1,0.5,EXTENDED
static,9,3,3,0,1,0.5,EXTENDED
visual,1,3,3,0,3,0.5,EXTENDED
visual,11,3,3,0,2,0.5,EXTENDED
visual,12,3,3,0,2,0.5,EXTENDED
visual,13,3,3,0,2,0.5,EXTENDED
visual,14,3,3,0,2,0.5,EXTENDED
visual,16,3,3,0,13,0.5,EXTENDED
visual,17,3,3,0,4,0.5,EXTENDED
visual,18,3,3,0,9,0.5,EXTENDED
visual,19,3,3,0,11,0.5,EXTENDED
visual,2,3,3,0,5,0.5,EXTENDED
visual,21,3,3,0,2,0.5,EXTENDED
visual,22,3,3,0,2,0.5,EXTENDED
visual,23,3,3,0,2,0.5,EXTENDED
visual,24,2,4,0,2,0.667,REWROTE
visual,26,3,3,0,1,0.5,EXTENDED
visual,27,3,3,0,1,0.5,EXTENDED
visual,28,3,3,0,1,0.5,EXTENDED
visual,29,3,3,0,1,0.5,EXTENDED
visual,3,3,3,0,1,0.5,EXTENDED
visual,4,3,3,0,1,0.5,EXTENDED
visual,6,3,3,0,1,0.5,EXTENDED
visual,7,3,3,0,1,0.5,EXTENDED
visual,8,3,3,0,1,0.5,EXTENDED
visual,9,3,3,0,1,0.5,EXTENDED
