rid,task,condition,run_id
R001,calendar-week-view,boot_check,12
R002,message-board,boot_check,14
R003,log-explorer-perf,execution,18
R004,calendar-week-view,visual,21
R005,seat-booking,behavioral,12
R006,log-explorer-perf,visual_no_shell,12
R007,metrics-dashboard,execution,26
R008,metrics-dashboard,visual,17
R009,calendar-week-view,visual,8
R010,metrics-dashboard,static,22
R011,calendar-week-view,boot_check,2
R012,seat-booking,execution,29
R013,message-board,boot_check,3
R014,log-explorer-perf,static,29
R015,kanban-board,visual,24
R016,seat-booking,execution,30
R017,seat-booking,no_verification,26
R018,calendar-week-view,visual_no_shell,23
R019,message-board,no_verification,8
R020,log-explorer-perf,no_verification,22
R021,seat-booking,execution,4
R022,seat-booking,static,14
R023,message-board,no_verification,13
R024,calendar-week-view,execution,19
R025,log-explorer-perf,visual,6
R026,kanban-labels-brownfield,static,14
R027,calendar-week-view,visual_no_shell,15
R028,message-board,visual,26
R029,message-board,boot_check,21
R030,kanban-board,boot_check,12
R031,log-explorer-perf,visual_no_shell,15
R032,kanban-board,delayed_verification,7
R033,seat-booking,static,16
R034,message-board,execution,18
R035,kanban-board,static,15
R036,kanban-labels-brownfield,visual,26
R037,log-explorer-perf,boot_check,11
R038,kanban-labels-brownfield,execution,3
R039,message-board,no_verification,14
R040,log-explorer-perf,execution,23
R041,kanban-board,no_verification,24
R042,log-explorer-perf,boot_check,10
R043,seat-booking,visual,24
R044,kanban-labels-brownfield,visual,6
R045,kanban-labels-brownfield,boot_check,22
R046,log-explorer-perf,no_verification,24
R047,kanban-board,delayed_verification,6
R048,seat-booking,boot_check,24
R049,kanban-board,static,18
R050,seat-booking,no_verification,12
R051,metrics-dashboard,execution,16
R052,kanban-board,execution,9
R053,calendar-week-view,visual_no_shell,22
R054,message-board,visual,11
R055,kanban-board,execution,2
R056,kanban-labels-brownfield,no_verification,23
R057,kanban-board,static,23
R058,log-explorer-perf,visual_no_shell,29
R059,calendar-week-view,execution,29
R060,kanban-labels-brownfield,boot_check,18
R061,metrics-dashboard,boot_check,4
R062,log-explorer-perf,static,26
R063,log-explorer-perf,static,19
R064,log-explorer-perf,boot_check,5
R065,seat-booking,delayed_verification,12
R066,calendar-week-view,static,2
R067,calendar-week-view,boot_check,3
R068,kanban-board,boot_check,6
R069,kanban-labels-brownfield,execution,16
R070,kanban-board,boot_check,19
R071,kanban-labels-brownfield,static,15
R072,seat-booking,behavioral,7
R073,metrics-dashboard,no_verification,14
R074,log-explorer-perf,execution,29
R075,seat-booking,static,6
R076,kanban-labels-brownfield,static,22
R077,kanban-board,visual,7
R078,seat-booking,delayed_verification,16
R079,seat-booking,visual,11
R080,message-board,execution,13
R081,seat-booking,no_verification,20
R082,metrics-dashboard,no_verification,8
R083,metrics-dashboard,visual_no_shell,12
R084,message-board,execution,26
R085,seat-booking,boot_check,15
R086,kanban-board,delayed_verification,20
R087,kanban-labels-brownfield,boot_check,24
R088,kanban-labels-brownfield,execution,20
R089,seat-booking,delayed_verification,24
R090,kanban-board,no_verification,27
R091,message-board,static,17
R092,metrics-dashboard,visual_no_shell,21
R093,kanban-board,execution,10
R094,kanban-labels-brownfield,visual,14
R095,message-board,static,14
R096,log-explorer-perf,visual,2
R097,metrics-dashboard,static,14
R098,metrics-dashboard,visual,11
R099,kanban-board,no_verification,5
R100,log-explorer-perf,visual,24
R101,calendar-week-view,no_verification,12
R102,kanban-board,visual,18
R103,kanban-labels-brownfield,no_verification,8
R104,message-board,static,3
R105,log-explorer-perf,no_verification,1
R106,metrics-dashboard,visual_no_shell,9
R107,message-board,visual,21
R108,metrics-dashboard,boot_check,23
R109,seat-booking,boot_check,16
R110,kanban-labels-brownfield,no_verification,11
R111,calendar-week-view,static,9
R112,calendar-week-view,no_verification,23
