task,condition,run_id
calendar-week-view,boot_check,2
calendar-week-view,boot_check,3
calendar-week-view,boot_check,12
calendar-week-view,execution,19
calendar-week-view,execution,29
calendar-week-view,no_verification,12
calendar-week-view,no_verification,23
calendar-week-view,static,2
calendar-week-view,static,9
calendar-week-view,visual,8
calendar-week-view,visual,21
calendar-week-view,visual_no_shell,15
calendar-week-view,visual_no_shell,22
calendar-week-view,visual_no_shell,23
kanban-board,boot_check,6
kanban-board,boot_check,12
kanban-board,boot_check,19
kanban-board,delayed_verification,6
kanban-board,delayed_verification,7
kanban-board,delayed_verification,20
kanban-board,execution,2
kanban-board,execution,9
kanban-board,execution,10
kanban-board,no_verification,5
kanban-board,no_verification,24
kanban-board,no_verification,27
kanban-board,static,15
kanban-board,static,18
kanban-board,static,23
kanban-board,visual,7
kanban-board,visual,18
kanban-board,visual,24
kanban-labels-brownfield,boot_check,18
kanban-labels-brownfield,boot_check,22
kanban-labels-brownfield,boot_check,24
kanban-labels-brownfield,execution,3
kanban-labels-brownfield,execution,16
kanban-labels-brownfield,execution,20
kanban-labels-brownfield,no_verification,8
kanban-labels-brownfield,no_verification,11
kanban-labels-brownfield,no_verification,23
kanban-labels-brownfield,static,14
kanban-labels-brownfield,static,15
kanban-labels-brownfield,static,22
kanban-labels-brownfield,visual,6
kanban-labels-brownfield,visual,14
kanban-labels-brownfield,visual,26
log-explorer-perf,boot_check,5
log-explorer-perf,boot_check,10
log-explorer-perf,boot_check,11
log-explorer-perf,execution,18
log-explorer-perf,execution,23
log-explorer-perf,execution,29
log-explorer-perf,no_verification,1
log-explorer-perf,no_verification,22
log-explorer-perf,no_verification,24
log-explorer-perf,static,19
log-explorer-perf,static,26
log-explorer-perf,static,29
log-explorer-perf,visual,2
log-explorer-perf,visual,6
log-explorer-perf,visual,24
log-explorer-perf,visual_no_shell,12
log-explorer-perf,visual_no_shell,15
log-explorer-perf,visual_no_shell,29
message-board,boot_check,3
message-board,boot_check,14
message-board,boot_check,21
message-board,execution,13
message-board,execution,18
message-board,execution,26
message-board,no_verification,8
message-board,no_verification,13
message-board,no_verification,14
message-board,static,3
message-board,static,14
message-board,static,17
message-board,visual,11
message-board,visual,21
message-board,visual,26
metrics-dashboard,boot_check,4
metrics-dashboard,boot_check,23
metrics-dashboard,execution,16
metrics-dashboard,execution,26
metrics-dashboard,no_verification,8
metrics-dashboard,no_verification,14
metrics-dashboard,static,14
metrics-dashboard,static,22
metrics-dashboard,visual,11
metrics-dashboard,visual,17
metrics-dashboard,visual_no_shell,9
metrics-dashboard,visual_no_shell,12
metrics-dashboard,visual_no_shell,21
seat-booking,behavioral,7
seat-booking,behavioral,12
seat-booking,boot_check,15
seat-booking,boot_check,16
seat-booking,boot_check,24
seat-booking,delayed_verification,12
seat-booking,delayed_verification,16
seat-booking,delayed_verification,24
seat-booking,execution,4
seat-booking,execution,29
seat-booking,execution,30
seat-booking,no_verification,12
seat-booking,no_verification,20
seat-booking,no_verification,26
seat-booking,static,6
seat-booking,static,14
seat-booking,static,16
seat-booking,visual,11
seat-booking,visual,24
