app,status,evidence,audited_by,audit_date
calendar-week-view/static/runs/26,LAUNCH-FAILED,"frontend syntax error main.js:96 (corrupted edit splice); Vite cannot scan/build; no built bundle; UI unrenderable by any declared path; backend boots and serves the API",achint,2026-07-15
kanban-board/no_verification/runs/18,LAUNCH-FAILED,"syntax error in frontend main.js:236; app never renders",achint,2026-07-15
kanban-board/static/runs/27,LAUNCH-FAILED,"syntax error at src/main.js:117:10 (card notes); app unrenderable by any declared path",achint,2026-07-15
kanban-labels-brownfield/no_verification/runs/30,LAUNCH-FAILED,"syntax error: the symbol bindEvents has already been declared; app never renders",achint,2026-07-15
kanban-labels-brownfield/static/runs/16,LAUNCH-FAILED,"app fails to render at all: syntax error at src/main.js:81",achint,2026-07-15
kanban-labels-brownfield/static/runs/17,LAUNCH-FAILED,"app fails to render at all: syntax error at src/main.js:81",achint,2026-07-15
kanban-labels-brownfield/static/runs/28,LAUNCH-FAILED,"syntax error in src/main.js:300:4; app never renders",achint,2026-07-15
log-explorer-perf/visual/runs/20,LAUNCH-FAILED,"syntax error in client/main.js:32:30; frontend module fails to execute; no UI data ever shown",achint,2026-07-15
metrics-dashboard/boot_check/runs/17,LAUNCH-FAILED,"frontend syntax error rendered whole app unusable (frontend/src/main.js)",achint,2026-07-15
seat-booking/behavioral/runs/18,LAUNCH-FAILED,"syntax error in frontend client/main.js:19:29; app never renders",achint,2026-07-15
kanban-board/boot_check/runs/5,RENDERS-BROKEN,"UI renders; creating a card fails with columnId/text validation error (runtime defect, not a launch failure)",achint,2026-07-15
kanban-board/static/runs/3,RENDERS-BROKEN,"UI renders; create card returns 400 because frontend sends null columnId (runtime defect)",achint,2026-07-15
kanban-labels-brownfield/execution/runs/4,RENDERS-BROKEN,"UI renders; label management/assignment elements never appear (feature defect)",achint,2026-07-15
log-explorer-perf/boot_check/runs/6,RENDERS-BROKEN,"UI functional but CSS bug collapses scroll container to zero height; rows fetched but never visible",achint,2026-07-15
log-explorer-perf/boot_check/runs/13,RENDERS-BROKEN,"UI renders; UI bug leads to no data on the frontend",achint,2026-07-15
log-explorer-perf/execution/runs/29,RENDERS-BROKEN,"UI renders; shows no data",achint,2026-07-15
log-explorer-perf/visual/runs/1,RENDERS-BROKEN,"UI renders; UI bug prevents any data loading",achint,2026-07-15
seat-booking/boot_check/runs/1,RENDERS-BROKEN,"UI renders; hold API fails (bind message supplies 3 parameters but prepared statement requires 2)",achint,2026-07-15
seat-booking/boot_check/runs/17,RENDERS-BROKEN,"UI renders; backend sweep error (column held_by does not exist); hold untestable",achint,2026-07-15
seat-booking/no_verification/runs/16,RENDERS-BROKEN,"UI renders; hold API fails (bind message parameter mismatch); no functionality testable",achint,2026-07-15
seat-booking/no_verification/runs/17,RENDERS-BROKEN,"UI renders; hold API fails with 500; no functionality testable",achint,2026-07-15
seat-booking/no_verification/runs/19,RENDERS-BROKEN,"UI renders but fetches no seat data on load; no controls usable",achint,2026-07-15
seat-booking/no_verification/runs/27,RENDERS-BROKEN,"UI renders; holds API fails (hold_expires_at type mismatch: timestamp vs text)",achint,2026-07-15
seat-booking/visual/runs/26,RENDERS-BROKEN,"UI renders; holds API fails (hold_expires_at type mismatch: timestamp vs text)",achint,2026-07-15
seat-booking/visual/runs/27,RENDERS-BROKEN,"UI renders; holds API fails (hold_expires_at type mismatch: timestamp vs text)",achint,2026-07-15
kanban-board/no_verification/runs/1,CARD-CORRECTED,"card was mis-graded all-fail; corrected to its true state (all pass) on 2026-07-15; functional_pct 100 corroborates",achint,2026-07-15
kanban-labels-brownfield/static/runs/21,CARD-CORRECTED,"card was mis-graded all-fail; corrected to its true state (all pass) on 2026-07-15; functional_pct 100 corroborates",achint,2026-07-15
