rid,task,condition,run_id,launched,human_pct_first,human_pct_regrade,abs_diff,survived_first,survived_regrade,items_compared,items_agree
R001,calendar-week-view,boot_check,12,True,100.0,100.0,0.0,True,True,8,8
R002,message-board,boot_check,14,True,100.0,100.0,0.0,True,True,3,3
R003,log-explorer-perf,execution,18,True,100.0,100.0,0.0,True,True,5,5
R004,calendar-week-view,visual,21,True,100.0,100.0,0.0,True,True,8,8
R005,seat-booking,behavioral,12,True,100.0,100.0,0.0,True,True,5,5
R006,log-explorer-perf,visual_no_shell,12,True,100.0,100.0,0.0,True,True,5,5
R007,metrics-dashboard,execution,26,False,0.0,0.0,0.0,False,False,7,7
R008,metrics-dashboard,visual,17,True,76.9,76.9,0.0,True,True,7,7
R009,calendar-week-view,visual,8,True,100.0,100.0,0.0,True,True,8,8
R010,metrics-dashboard,static,22,False,0.0,0.0,0.0,False,False,7,7
R011,calendar-week-view,boot_check,2,True,96.4,96.4,0.0,True,True,8,8
R012,seat-booking,execution,29,True,100.0,100.0,0.0,True,True,5,5
R013,message-board,boot_check,3,True,100.0,100.0,0.0,True,True,3,3
R014,log-explorer-perf,static,29,True,90.0,90.0,0.0,True,True,5,5
R015,kanban-board,visual,24,True,100.0,100.0,0.0,True,True,5,5
R016,seat-booking,execution,30,True,90.0,90.0,0.0,True,True,5,5
R017,seat-booking,no_verification,26,True,100.0,100.0,0.0,True,True,5,5
R018,calendar-week-view,visual_no_shell,23,True,100.0,100.0,0.0,True,True,8,8
R019,message-board,no_verification,8,True,100.0,100.0,0.0,True,True,3,3
R020,log-explorer-perf,no_verification,22,True,100.0,90.0,10.0,True,True,5,4
R021,seat-booking,execution,4,True,100.0,90.0,10.0,True,True,5,4
R022,seat-booking,static,14,True,10.0,10.0,0.0,True,True,5,5
R023,message-board,no_verification,13,True,100.0,100.0,0.0,True,True,3,3
R024,calendar-week-view,execution,19,True,96.4,100.0,3.6,True,True,8,7
R025,log-explorer-perf,visual,6,True,100.0,100.0,0.0,True,True,5,5
R026,kanban-labels-brownfield,static,14,True,100.0,100.0,0.0,True,True,5,5
R027,calendar-week-view,visual_no_shell,15,True,100.0,100.0,0.0,True,True,8,8
R028,message-board,visual,26,True,100.0,100.0,0.0,True,True,3,3
R029,message-board,boot_check,21,True,100.0,100.0,0.0,True,True,3,3
R030,kanban-board,boot_check,12,True,100.0,100.0,0.0,True,True,5,5
R031,log-explorer-perf,visual_no_shell,15,True,100.0,100.0,0.0,True,True,5,5
R032,kanban-board,delayed_verification,7,True,95.0,95.0,0.0,True,True,5,5
R033,seat-booking,static,16,False,0.0,0.0,0.0,False,False,5,5
R034,message-board,execution,18,True,100.0,100.0,0.0,True,True,3,3
R035,kanban-board,static,15,True,100.0,100.0,0.0,True,True,5,5
R036,kanban-labels-brownfield,visual,26,True,80.0,90.0,10.0,True,True,5,4
R037,log-explorer-perf,boot_check,11,True,100.0,100.0,0.0,True,True,5,5
R038,kanban-labels-brownfield,execution,3,True,100.0,100.0,0.0,True,True,5,5
R039,message-board,no_verification,14,True,100.0,100.0,0.0,True,True,3,3
R040,log-explorer-perf,execution,23,True,100.0,100.0,0.0,True,True,5,5
R041,kanban-board,no_verification,24,True,100.0,100.0,0.0,True,True,5,5
R042,log-explorer-perf,boot_check,10,True,100.0,100.0,0.0,True,True,5,5
R043,seat-booking,visual,24,True,100.0,100.0,0.0,True,True,5,5
R044,kanban-labels-brownfield,visual,6,True,100.0,100.0,0.0,True,True,5,5
R045,kanban-labels-brownfield,boot_check,22,True,90.0,90.0,0.0,True,True,5,5
R046,log-explorer-perf,no_verification,24,True,100.0,100.0,0.0,True,True,5,5
R047,kanban-board,delayed_verification,6,True,100.0,95.0,5.0,True,True,5,4
R048,seat-booking,boot_check,24,True,100.0,100.0,0.0,True,True,5,5
R049,kanban-board,static,18,True,95.0,95.0,0.0,True,True,5,5
R050,seat-booking,no_verification,12,True,100.0,100.0,0.0,True,True,5,5
R051,metrics-dashboard,execution,16,True,100.0,100.0,0.0,True,True,7,7
R052,kanban-board,execution,9,True,95.0,95.0,0.0,True,True,5,5
R053,calendar-week-view,visual_no_shell,22,True,100.0,100.0,0.0,True,True,8,8
R054,message-board,visual,11,True,100.0,100.0,0.0,True,True,3,3
R055,kanban-board,execution,2,True,10.0,10.0,0.0,True,True,5,5
R056,kanban-labels-brownfield,no_verification,23,True,90.0,90.0,0.0,True,True,5,5
R057,kanban-board,static,23,True,20.0,20.0,0.0,True,True,5,5
R058,log-explorer-perf,visual_no_shell,29,True,90.0,90.0,0.0,True,True,5,5
R059,calendar-week-view,execution,29,False,0.0,0.0,0.0,False,False,8,8
R060,kanban-labels-brownfield,boot_check,18,True,100.0,100.0,0.0,True,True,5,5
R061,metrics-dashboard,boot_check,4,True,100.0,100.0,0.0,True,True,7,7
R062,log-explorer-perf,static,26,True,90.0,90.0,0.0,True,True,5,5
R063,log-explorer-perf,static,19,False,0.0,0.0,0.0,False,False,5,5
R064,log-explorer-perf,boot_check,5,True,65.0,65.0,0.0,True,True,5,5
R065,seat-booking,delayed_verification,12,True,100.0,100.0,0.0,True,True,5,5
R066,calendar-week-view,static,2,True,89.3,89.3,0.0,True,True,8,8
R067,calendar-week-view,boot_check,3,True,96.4,96.4,0.0,True,True,8,8
R068,kanban-board,boot_check,6,True,95.0,95.0,0.0,True,True,5,5
R069,kanban-labels-brownfield,execution,16,True,100.0,100.0,0.0,True,True,5,5
R070,kanban-board,boot_check,19,True,95.0,95.0,0.0,True,True,5,5
R071,kanban-labels-brownfield,static,15,True,100.0,100.0,0.0,True,True,5,5
R072,seat-booking,behavioral,7,True,100.0,100.0,0.0,True,True,5,5
R073,metrics-dashboard,no_verification,14,True,100.0,100.0,0.0,True,True,7,7
R074,log-explorer-perf,execution,29,True,0.0,0.0,0.0,True,True,5,5
R075,seat-booking,static,6,True,100.0,100.0,0.0,True,True,5,5
R076,kanban-labels-brownfield,static,22,True,100.0,100.0,0.0,True,True,5,5
R077,kanban-board,visual,7,True,100.0,95.0,5.0,True,True,5,4
R078,seat-booking,delayed_verification,16,True,100.0,100.0,0.0,True,True,5,5
R079,seat-booking,visual,11,True,100.0,100.0,0.0,True,True,5,5
R080,message-board,execution,13,True,100.0,100.0,0.0,True,True,3,3
R081,seat-booking,no_verification,20,True,100.0,100.0,0.0,True,True,3,3
R082,metrics-dashboard,no_verification,8,False,0.0,0.0,0.0,False,False,7,7
R083,metrics-dashboard,visual_no_shell,12,True,100.0,100.0,0.0,True,True,7,7
R084,message-board,execution,26,True,100.0,100.0,0.0,True,True,3,3
R085,seat-booking,boot_check,15,True,100.0,100.0,0.0,True,True,5,5
R086,kanban-board,delayed_verification,20,True,95.0,95.0,0.0,True,True,5,5
R087,kanban-labels-brownfield,boot_check,24,True,90.0,90.0,0.0,True,True,5,5
R088,kanban-labels-brownfield,execution,20,True,100.0,100.0,0.0,True,True,5,5
R089,seat-booking,delayed_verification,24,True,100.0,100.0,0.0,True,True,5,5
R090,kanban-board,no_verification,27,True,100.0,85.0,15.0,True,True,5,4
R091,message-board,static,17,True,100.0,100.0,0.0,True,True,3,3
R092,metrics-dashboard,visual_no_shell,21,True,100.0,100.0,0.0,True,True,7,7
R093,kanban-board,execution,10,True,95.0,95.0,0.0,True,True,5,5
R094,kanban-labels-brownfield,visual,14,True,100.0,100.0,0.0,True,True,5,5
R095,message-board,static,14,True,100.0,100.0,0.0,True,True,3,3
R096,log-explorer-perf,visual,2,True,100.0,100.0,0.0,True,True,5,5
R097,metrics-dashboard,static,14,True,100.0,100.0,0.0,True,True,7,7
R098,metrics-dashboard,visual,11,True,100.0,100.0,0.0,True,True,7,7
R099,kanban-board,no_verification,5,True,100.0,100.0,0.0,True,True,5,5
R100,log-explorer-perf,visual,24,True,100.0,100.0,0.0,True,True,5,5
R101,calendar-week-view,no_verification,12,True,100.0,100.0,0.0,True,True,8,8
R102,kanban-board,visual,18,True,100.0,100.0,0.0,True,True,5,5
R103,kanban-labels-brownfield,no_verification,8,False,0.0,0.0,0.0,False,False,5,5
R104,message-board,static,3,True,100.0,100.0,0.0,True,True,3,3
R105,log-explorer-perf,no_verification,1,True,100.0,100.0,0.0,True,True,5,5
R106,metrics-dashboard,visual_no_shell,9,True,100.0,100.0,0.0,True,True,7,7
R107,message-board,visual,21,True,100.0,100.0,0.0,True,True,3,3
R108,metrics-dashboard,boot_check,23,True,100.0,100.0,0.0,True,True,7,7
R109,seat-booking,boot_check,16,True,100.0,100.0,0.0,True,True,5,5
R110,kanban-labels-brownfield,no_verification,11,True,100.0,100.0,0.0,True,True,5,5
R111,calendar-week-view,static,9,True,96.4,96.4,0.0,True,True,8,8
R112,calendar-week-view,no_verification,23,True,100.0,100.0,0.0,True,True,8,8
