task,condition,run_id,reason
calendar-week-view,execution,2,specimen S5
calendar-week-view,execution,22,specimen S1
calendar-week-view,execution,28,specimen S3
calendar-week-view,execution,4,named in specimen log
calendar-week-view,no_verification,29,specimen S4
calendar-week-view,static,26,specimen S6
calendar-week-view,visual,1,specimen S2
kanban-board,no_verification,18,frontend-launch-audit evidence notes re-read 2026-08-03, after grading close
kanban-board,static,27,frontend-launch-audit evidence notes re-read 2026-08-03, after grading close
kanban-labels-brownfield,no_verification,30,frontend-launch-audit evidence notes re-read 2026-08-03, after grading close
kanban-labels-brownfield,static,16,frontend-launch-audit evidence notes re-read 2026-08-03, after grading close
kanban-labels-brownfield,static,17,frontend-launch-audit evidence notes re-read 2026-08-03, after grading close
kanban-labels-brownfield,static,28,frontend-launch-audit evidence notes re-read 2026-08-03, after grading close
log-explorer-perf,visual,20,frontend-launch-audit evidence notes re-read 2026-08-03, after grading close
metrics-dashboard,boot_check,17,frontend-launch-audit evidence notes re-read 2026-08-03, after grading close
metrics-dashboard,boot_check,29,specimen S8
metrics-dashboard,boot_check,6,specimen S7
seat-booking,behavioral,18,frontend-launch-audit evidence notes re-read 2026-08-03, after grading close
